,labels,directory
0,1,dataset\CMATERdbTrain\1\bcc000000.bmp
32,1,dataset\CMATERdbTrain\1\bcc000032.bmp
33,1,dataset\CMATERdbTrain\1\bcc000033.bmp
34,1,dataset\CMATERdbTrain\1\bcc000034.bmp
35,1,dataset\CMATERdbTrain\1\bcc000035.bmp
36,1,dataset\CMATERdbTrain\1\bcc000036.bmp
37,1,dataset\CMATERdbTrain\1\bcc000037.bmp
38,1,dataset\CMATERdbTrain\1\bcc000038.bmp
39,1,dataset\CMATERdbTrain\1\bcc000039.bmp
40,1,dataset\CMATERdbTrain\1\bcc000040.bmp
41,1,dataset\CMATERdbTrain\1\bcc000041.bmp
42,1,dataset\CMATERdbTrain\1\bcc000042.bmp
43,1,dataset\CMATERdbTrain\1\bcc000043.bmp
31,1,dataset\CMATERdbTrain\1\bcc000031.bmp
44,1,dataset\CMATERdbTrain\1\bcc000044.bmp
46,1,dataset\CMATERdbTrain\1\bcc000046.bmp
47,1,dataset\CMATERdbTrain\1\bcc000047.bmp
48,1,dataset\CMATERdbTrain\1\bcc000048.bmp
49,1,dataset\CMATERdbTrain\1\bcc000049.bmp
50,1,dataset\CMATERdbTrain\1\bcc000050.bmp
51,1,dataset\CMATERdbTrain\1\bcc000051.bmp
52,1,dataset\CMATERdbTrain\1\bcc000052.bmp
53,1,dataset\CMATERdbTrain\1\bcc000053.bmp
54,1,dataset\CMATERdbTrain\1\bcc000054.bmp
55,1,dataset\CMATERdbTrain\1\bcc000055.bmp
57,1,dataset\CMATERdbTrain\1\bcc000057.bmp
58,1,dataset\CMATERdbTrain\1\bcc000058.bmp
45,1,dataset\CMATERdbTrain\1\bcc000045.bmp
30,1,dataset\CMATERdbTrain\1\bcc000030.bmp
56,1,dataset\CMATERdbTrain\1\bcc000056.bmp
28,1,dataset\CMATERdbTrain\1\bcc000028.bmp
29,1,dataset\CMATERdbTrain\1\bcc000029.bmp
1,1,dataset\CMATERdbTrain\1\bcc000001.bmp
3,1,dataset\CMATERdbTrain\1\bcc000003.bmp
4,1,dataset\CMATERdbTrain\1\bcc000004.bmp
5,1,dataset\CMATERdbTrain\1\bcc000005.bmp
6,1,dataset\CMATERdbTrain\1\bcc000006.bmp
7,1,dataset\CMATERdbTrain\1\bcc000007.bmp
8,1,dataset\CMATERdbTrain\1\bcc000008.bmp
9,1,dataset\CMATERdbTrain\1\bcc000009.bmp
10,1,dataset\CMATERdbTrain\1\bcc000010.bmp
11,1,dataset\CMATERdbTrain\1\bcc000011.bmp
12,1,dataset\CMATERdbTrain\1\bcc000012.bmp
13,1,dataset\CMATERdbTrain\1\bcc000013.bmp
2,1,dataset\CMATERdbTrain\1\bcc000002.bmp
15,1,dataset\CMATERdbTrain\1\bcc000015.bmp
14,1,dataset\CMATERdbTrain\1\bcc000014.bmp
26,1,dataset\CMATERdbTrain\1\bcc000026.bmp
25,1,dataset\CMATERdbTrain\1\bcc000025.bmp
24,1,dataset\CMATERdbTrain\1\bcc000024.bmp
23,1,dataset\CMATERdbTrain\1\bcc000023.bmp
22,1,dataset\CMATERdbTrain\1\bcc000022.bmp
27,1,dataset\CMATERdbTrain\1\bcc000027.bmp
20,1,dataset\CMATERdbTrain\1\bcc000020.bmp
19,1,dataset\CMATERdbTrain\1\bcc000019.bmp
18,1,dataset\CMATERdbTrain\1\bcc000018.bmp
17,1,dataset\CMATERdbTrain\1\bcc000017.bmp
16,1,dataset\CMATERdbTrain\1\bcc000016.bmp
21,1,dataset\CMATERdbTrain\1\bcc000021.bmp
460,2,dataset\CMATERdbTrain\2\bcc000098.bmp
459,2,dataset\CMATERdbTrain\2\bcc000097.bmp
458,2,dataset\CMATERdbTrain\2\bcc000096.bmp
457,2,dataset\CMATERdbTrain\2\bcc000095.bmp
455,2,dataset\CMATERdbTrain\2\bcc000093.bmp
454,2,dataset\CMATERdbTrain\2\bcc000092.bmp
453,2,dataset\CMATERdbTrain\2\bcc000091.bmp
461,2,dataset\CMATERdbTrain\2\bcc000099.bmp
451,2,dataset\CMATERdbTrain\2\bcc000089.bmp
456,2,dataset\CMATERdbTrain\2\bcc000094.bmp
452,2,dataset\CMATERdbTrain\2\bcc000090.bmp
468,2,dataset\CMATERdbTrain\2\bcc000106.bmp
463,2,dataset\CMATERdbTrain\2\bcc000101.bmp
464,2,dataset\CMATERdbTrain\2\bcc000102.bmp
465,2,dataset\CMATERdbTrain\2\bcc000103.bmp
466,2,dataset\CMATERdbTrain\2\bcc000104.bmp
467,2,dataset\CMATERdbTrain\2\bcc000105.bmp
469,2,dataset\CMATERdbTrain\2\bcc000107.bmp
470,2,dataset\CMATERdbTrain\2\bcc000108.bmp
471,2,dataset\CMATERdbTrain\2\bcc000109.bmp
472,2,dataset\CMATERdbTrain\2\bcc000110.bmp
473,2,dataset\CMATERdbTrain\2\bcc000111.bmp
450,2,dataset\CMATERdbTrain\2\bcc000088.bmp
474,2,dataset\CMATERdbTrain\2\bcc000112.bmp
462,2,dataset\CMATERdbTrain\2\bcc000100.bmp
449,2,dataset\CMATERdbTrain\2\bcc000087.bmp
435,2,dataset\CMATERdbTrain\2\bcc000073.bmp
447,2,dataset\CMATERdbTrain\2\bcc000085.bmp
475,2,dataset\CMATERdbTrain\2\bcc000113.bmp
423,2,dataset\CMATERdbTrain\2\bcc000061.bmp
424,2,dataset\CMATERdbTrain\2\bcc000062.bmp
425,2,dataset\CMATERdbTrain\2\bcc000063.bmp
426,2,dataset\CMATERdbTrain\2\bcc000064.bmp
427,2,dataset\CMATERdbTrain\2\bcc000065.bmp
428,2,dataset\CMATERdbTrain\2\bcc000066.bmp
429,2,dataset\CMATERdbTrain\2\bcc000067.bmp
430,2,dataset\CMATERdbTrain\2\bcc000068.bmp
431,2,dataset\CMATERdbTrain\2\bcc000069.bmp
432,2,dataset\CMATERdbTrain\2\bcc000070.bmp
448,2,dataset\CMATERdbTrain\2\bcc000086.bmp
433,2,dataset\CMATERdbTrain\2\bcc000071.bmp
436,2,dataset\CMATERdbTrain\2\bcc000074.bmp
437,2,dataset\CMATERdbTrain\2\bcc000075.bmp
438,2,dataset\CMATERdbTrain\2\bcc000076.bmp
439,2,dataset\CMATERdbTrain\2\bcc000077.bmp
440,2,dataset\CMATERdbTrain\2\bcc000078.bmp
441,2,dataset\CMATERdbTrain\2\bcc000079.bmp
442,2,dataset\CMATERdbTrain\2\bcc000080.bmp
443,2,dataset\CMATERdbTrain\2\bcc000081.bmp
444,2,dataset\CMATERdbTrain\2\bcc000082.bmp
445,2,dataset\CMATERdbTrain\2\bcc000083.bmp
446,2,dataset\CMATERdbTrain\2\bcc000084.bmp
434,2,dataset\CMATERdbTrain\2\bcc000072.bmp
476,2,dataset\CMATERdbTrain\2\bcc000114.bmp
421,2,dataset\CMATERdbTrain\2\bcc000059.bmp
422,2,dataset\CMATERdbTrain\2\bcc000060.bmp
808,3,dataset\CMATERdbTrain\3\bcc000149.bmp
809,3,dataset\CMATERdbTrain\3\bcc000150.bmp
810,3,dataset\CMATERdbTrain\3\bcc000151.bmp
811,3,dataset\CMATERdbTrain\3\bcc000152.bmp
812,3,dataset\CMATERdbTrain\3\bcc000153.bmp
813,3,dataset\CMATERdbTrain\3\bcc000154.bmp
814,3,dataset\CMATERdbTrain\3\bcc000155.bmp
815,3,dataset\CMATERdbTrain\3\bcc000156.bmp
816,3,dataset\CMATERdbTrain\3\bcc000157.bmp
817,3,dataset\CMATERdbTrain\3\bcc000158.bmp
818,3,dataset\CMATERdbTrain\3\bcc000159.bmp
819,3,dataset\CMATERdbTrain\3\bcc000160.bmp
807,3,dataset\CMATERdbTrain\3\bcc000148.bmp
777,3,dataset\CMATERdbTrain\3\bcc000118.bmp
822,3,dataset\CMATERdbTrain\3\bcc000163.bmp
823,3,dataset\CMATERdbTrain\3\bcc000164.bmp
824,3,dataset\CMATERdbTrain\3\bcc000165.bmp
825,3,dataset\CMATERdbTrain\3\bcc000166.bmp
826,3,dataset\CMATERdbTrain\3\bcc000167.bmp
827,3,dataset\CMATERdbTrain\3\bcc000168.bmp
828,3,dataset\CMATERdbTrain\3\bcc000169.bmp
829,3,dataset\CMATERdbTrain\3\bcc000170.bmp
830,3,dataset\CMATERdbTrain\3\bcc000171.bmp
831,3,dataset\CMATERdbTrain\3\bcc000172.bmp
832,3,dataset\CMATERdbTrain\3\bcc000173.bmp
833,3,dataset\CMATERdbTrain\3\bcc000174.bmp
821,3,dataset\CMATERdbTrain\3\bcc000162.bmp
820,3,dataset\CMATERdbTrain\3\bcc000161.bmp
805,3,dataset\CMATERdbTrain\3\bcc000146.bmp
804,3,dataset\CMATERdbTrain\3\bcc000145.bmp
776,3,dataset\CMATERdbTrain\3\bcc000117.bmp
775,3,dataset\CMATERdbTrain\3\bcc000116.bmp
774,3,dataset\CMATERdbTrain\3\bcc000115.bmp
779,3,dataset\CMATERdbTrain\3\bcc000120.bmp
780,3,dataset\CMATERdbTrain\3\bcc000121.bmp
781,3,dataset\CMATERdbTrain\3\bcc000122.bmp
782,3,dataset\CMATERdbTrain\3\bcc000123.bmp
783,3,dataset\CMATERdbTrain\3\bcc000124.bmp
784,3,dataset\CMATERdbTrain\3\bcc000125.bmp
785,3,dataset\CMATERdbTrain\3\bcc000126.bmp
786,3,dataset\CMATERdbTrain\3\bcc000127.bmp
787,3,dataset\CMATERdbTrain\3\bcc000128.bmp
789,3,dataset\CMATERdbTrain\3\bcc000130.bmp
790,3,dataset\CMATERdbTrain\3\bcc000131.bmp
791,3,dataset\CMATERdbTrain\3\bcc000132.bmp
792,3,dataset\CMATERdbTrain\3\bcc000133.bmp
793,3,dataset\CMATERdbTrain\3\bcc000134.bmp
794,3,dataset\CMATERdbTrain\3\bcc000135.bmp
795,3,dataset\CMATERdbTrain\3\bcc000136.bmp
796,3,dataset\CMATERdbTrain\3\bcc000137.bmp
797,3,dataset\CMATERdbTrain\3\bcc000138.bmp
798,3,dataset\CMATERdbTrain\3\bcc000139.bmp
799,3,dataset\CMATERdbTrain\3\bcc000140.bmp
800,3,dataset\CMATERdbTrain\3\bcc000141.bmp
801,3,dataset\CMATERdbTrain\3\bcc000142.bmp
802,3,dataset\CMATERdbTrain\3\bcc000143.bmp
803,3,dataset\CMATERdbTrain\3\bcc000144.bmp
778,3,dataset\CMATERdbTrain\3\bcc000119.bmp
806,3,dataset\CMATERdbTrain\3\bcc000147.bmp
788,3,dataset\CMATERdbTrain\3\bcc000129.bmp
986,4,dataset\CMATERdbTrain\4\bcc000202.bmp
988,4,dataset\CMATERdbTrain\4\bcc000204.bmp
989,4,dataset\CMATERdbTrain\4\bcc000205.bmp
990,4,dataset\CMATERdbTrain\4\bcc000206.bmp
991,4,dataset\CMATERdbTrain\4\bcc000207.bmp
992,4,dataset\CMATERdbTrain\4\bcc000208.bmp
993,4,dataset\CMATERdbTrain\4\bcc000209.bmp
1018,4,dataset\CMATERdbTrain\4\bcc000234.bmp
1017,4,dataset\CMATERdbTrain\4\bcc000233.bmp
994,4,dataset\CMATERdbTrain\4\bcc000210.bmp
1016,4,dataset\CMATERdbTrain\4\bcc000232.bmp
1015,4,dataset\CMATERdbTrain\4\bcc000231.bmp
1014,4,dataset\CMATERdbTrain\4\bcc000230.bmp
1013,4,dataset\CMATERdbTrain\4\bcc000229.bmp
1012,4,dataset\CMATERdbTrain\4\bcc000228.bmp
1011,4,dataset\CMATERdbTrain\4\bcc000227.bmp
1010,4,dataset\CMATERdbTrain\4\bcc000226.bmp
1009,4,dataset\CMATERdbTrain\4\bcc000225.bmp
1008,4,dataset\CMATERdbTrain\4\bcc000224.bmp
1007,4,dataset\CMATERdbTrain\4\bcc000223.bmp
1006,4,dataset\CMATERdbTrain\4\bcc000222.bmp
1005,4,dataset\CMATERdbTrain\4\bcc000221.bmp
1004,4,dataset\CMATERdbTrain\4\bcc000220.bmp
995,4,dataset\CMATERdbTrain\4\bcc000211.bmp
996,4,dataset\CMATERdbTrain\4\bcc000212.bmp
1003,4,dataset\CMATERdbTrain\4\bcc000219.bmp
1002,4,dataset\CMATERdbTrain\4\bcc000218.bmp
1001,4,dataset\CMATERdbTrain\4\bcc000217.bmp
1000,4,dataset\CMATERdbTrain\4\bcc000216.bmp
999,4,dataset\CMATERdbTrain\4\bcc000215.bmp
987,4,dataset\CMATERdbTrain\4\bcc000203.bmp
998,4,dataset\CMATERdbTrain\4\bcc000214.bmp
997,4,dataset\CMATERdbTrain\4\bcc000213.bmp
984,4,dataset\CMATERdbTrain\4\bcc000200.bmp
959,4,dataset\CMATERdbTrain\4\bcc000175.bmp
960,4,dataset\CMATERdbTrain\4\bcc000176.bmp
961,4,dataset\CMATERdbTrain\4\bcc000177.bmp
962,4,dataset\CMATERdbTrain\4\bcc000178.bmp
963,4,dataset\CMATERdbTrain\4\bcc000179.bmp
964,4,dataset\CMATERdbTrain\4\bcc000180.bmp
965,4,dataset\CMATERdbTrain\4\bcc000181.bmp
966,4,dataset\CMATERdbTrain\4\bcc000182.bmp
967,4,dataset\CMATERdbTrain\4\bcc000183.bmp
968,4,dataset\CMATERdbTrain\4\bcc000184.bmp
985,4,dataset\CMATERdbTrain\4\bcc000201.bmp
970,4,dataset\CMATERdbTrain\4\bcc000186.bmp
969,4,dataset\CMATERdbTrain\4\bcc000185.bmp
972,4,dataset\CMATERdbTrain\4\bcc000188.bmp
983,4,dataset\CMATERdbTrain\4\bcc000199.bmp
982,4,dataset\CMATERdbTrain\4\bcc000198.bmp
981,4,dataset\CMATERdbTrain\4\bcc000197.bmp
971,4,dataset\CMATERdbTrain\4\bcc000187.bmp
979,4,dataset\CMATERdbTrain\4\bcc000195.bmp
980,4,dataset\CMATERdbTrain\4\bcc000196.bmp
977,4,dataset\CMATERdbTrain\4\bcc000193.bmp
976,4,dataset\CMATERdbTrain\4\bcc000192.bmp
975,4,dataset\CMATERdbTrain\4\bcc000191.bmp
974,4,dataset\CMATERdbTrain\4\bcc000190.bmp
973,4,dataset\CMATERdbTrain\4\bcc000189.bmp
978,4,dataset\CMATERdbTrain\4\bcc000194.bmp
1180,5,dataset\CMATERdbTrain\5\bcc000267.bmp
1181,5,dataset\CMATERdbTrain\5\bcc000268.bmp
1182,5,dataset\CMATERdbTrain\5\bcc000269.bmp
1183,5,dataset\CMATERdbTrain\5\bcc000270.bmp
1148,5,dataset\CMATERdbTrain\5\bcc000235.bmp
1149,5,dataset\CMATERdbTrain\5\bcc000236.bmp
1151,5,dataset\CMATERdbTrain\5\bcc000238.bmp
1168,5,dataset\CMATERdbTrain\5\bcc000255.bmp
1167,5,dataset\CMATERdbTrain\5\bcc000254.bmp
1166,5,dataset\CMATERdbTrain\5\bcc000253.bmp
1165,5,dataset\CMATERdbTrain\5\bcc000252.bmp
1163,5,dataset\CMATERdbTrain\5\bcc000250.bmp
1162,5,dataset\CMATERdbTrain\5\bcc000249.bmp
1161,5,dataset\CMATERdbTrain\5\bcc000248.bmp
1160,5,dataset\CMATERdbTrain\5\bcc000247.bmp
1159,5,dataset\CMATERdbTrain\5\bcc000246.bmp
1158,5,dataset\CMATERdbTrain\5\bcc000245.bmp
1157,5,dataset\CMATERdbTrain\5\bcc000244.bmp
1156,5,dataset\CMATERdbTrain\5\bcc000243.bmp
1155,5,dataset\CMATERdbTrain\5\bcc000242.bmp
1154,5,dataset\CMATERdbTrain\5\bcc000241.bmp
1153,5,dataset\CMATERdbTrain\5\bcc000240.bmp
1152,5,dataset\CMATERdbTrain\5\bcc000239.bmp
1150,5,dataset\CMATERdbTrain\5\bcc000237.bmp
1169,5,dataset\CMATERdbTrain\5\bcc000256.bmp
1170,5,dataset\CMATERdbTrain\5\bcc000257.bmp
1164,5,dataset\CMATERdbTrain\5\bcc000251.bmp
1174,5,dataset\CMATERdbTrain\5\bcc000261.bmp
1175,5,dataset\CMATERdbTrain\5\bcc000262.bmp
1176,5,dataset\CMATERdbTrain\5\bcc000263.bmp
1177,5,dataset\CMATERdbTrain\5\bcc000264.bmp
1178,5,dataset\CMATERdbTrain\5\bcc000265.bmp
1173,5,dataset\CMATERdbTrain\5\bcc000260.bmp
1172,5,dataset\CMATERdbTrain\5\bcc000259.bmp
1179,5,dataset\CMATERdbTrain\5\bcc000266.bmp
1171,5,dataset\CMATERdbTrain\5\bcc000258.bmp
1301,6,dataset\CMATERdbTrain\6\bcc000284.bmp
1288,6,dataset\CMATERdbTrain\6\bcc000271.bmp
1289,6,dataset\CMATERdbTrain\6\bcc000272.bmp
1290,6,dataset\CMATERdbTrain\6\bcc000273.bmp
1291,6,dataset\CMATERdbTrain\6\bcc000274.bmp
1292,6,dataset\CMATERdbTrain\6\bcc000275.bmp
1293,6,dataset\CMATERdbTrain\6\bcc000276.bmp
1310,6,dataset\CMATERdbTrain\6\bcc000293.bmp
1296,6,dataset\CMATERdbTrain\6\bcc000279.bmp
1297,6,dataset\CMATERdbTrain\6\bcc000280.bmp
1311,6,dataset\CMATERdbTrain\6\bcc000294.bmp
1299,6,dataset\CMATERdbTrain\6\bcc000282.bmp
1300,6,dataset\CMATERdbTrain\6\bcc000283.bmp
1309,6,dataset\CMATERdbTrain\6\bcc000292.bmp
1308,6,dataset\CMATERdbTrain\6\bcc000291.bmp
1307,6,dataset\CMATERdbTrain\6\bcc000290.bmp
1306,6,dataset\CMATERdbTrain\6\bcc000289.bmp
1294,6,dataset\CMATERdbTrain\6\bcc000277.bmp
1305,6,dataset\CMATERdbTrain\6\bcc000288.bmp
1304,6,dataset\CMATERdbTrain\6\bcc000287.bmp
1303,6,dataset\CMATERdbTrain\6\bcc000286.bmp
1302,6,dataset\CMATERdbTrain\6\bcc000285.bmp
1298,6,dataset\CMATERdbTrain\6\bcc000281.bmp
1295,6,dataset\CMATERdbTrain\6\bcc000278.bmp
1382,7,dataset\CMATERdbTrain\7\bcc000329.bmp
1384,7,dataset\CMATERdbTrain\7\bcc000331.bmp
1383,7,dataset\CMATERdbTrain\7\bcc000330.bmp
1381,7,dataset\CMATERdbTrain\7\bcc000328.bmp
1380,7,dataset\CMATERdbTrain\7\bcc000327.bmp
1379,7,dataset\CMATERdbTrain\7\bcc000326.bmp
1378,7,dataset\CMATERdbTrain\7\bcc000325.bmp
1377,7,dataset\CMATERdbTrain\7\bcc000324.bmp
1376,7,dataset\CMATERdbTrain\7\bcc000323.bmp
1375,7,dataset\CMATERdbTrain\7\bcc000322.bmp
1374,7,dataset\CMATERdbTrain\7\bcc000321.bmp
1373,7,dataset\CMATERdbTrain\7\bcc000320.bmp
1372,7,dataset\CMATERdbTrain\7\bcc000319.bmp
1371,7,dataset\CMATERdbTrain\7\bcc000318.bmp
1370,7,dataset\CMATERdbTrain\7\bcc000317.bmp
1385,7,dataset\CMATERdbTrain\7\bcc000332.bmp
1386,7,dataset\CMATERdbTrain\7\bcc000333.bmp
1398,7,dataset\CMATERdbTrain\7\bcc000345.bmp
1369,7,dataset\CMATERdbTrain\7\bcc000316.bmp
1403,7,dataset\CMATERdbTrain\7\bcc000350.bmp
1402,7,dataset\CMATERdbTrain\7\bcc000349.bmp
1401,7,dataset\CMATERdbTrain\7\bcc000348.bmp
1400,7,dataset\CMATERdbTrain\7\bcc000347.bmp
1399,7,dataset\CMATERdbTrain\7\bcc000346.bmp
1397,7,dataset\CMATERdbTrain\7\bcc000344.bmp
1396,7,dataset\CMATERdbTrain\7\bcc000343.bmp
1395,7,dataset\CMATERdbTrain\7\bcc000342.bmp
1394,7,dataset\CMATERdbTrain\7\bcc000341.bmp
1393,7,dataset\CMATERdbTrain\7\bcc000340.bmp
1392,7,dataset\CMATERdbTrain\7\bcc000339.bmp
1391,7,dataset\CMATERdbTrain\7\bcc000338.bmp
1390,7,dataset\CMATERdbTrain\7\bcc000337.bmp
1389,7,dataset\CMATERdbTrain\7\bcc000336.bmp
1388,7,dataset\CMATERdbTrain\7\bcc000335.bmp
1387,7,dataset\CMATERdbTrain\7\bcc000334.bmp
1368,7,dataset\CMATERdbTrain\7\bcc000315.bmp
1365,7,dataset\CMATERdbTrain\7\bcc000312.bmp
1366,7,dataset\CMATERdbTrain\7\bcc000313.bmp
1348,7,dataset\CMATERdbTrain\7\bcc000295.bmp
1349,7,dataset\CMATERdbTrain\7\bcc000296.bmp
1350,7,dataset\CMATERdbTrain\7\bcc000297.bmp
1351,7,dataset\CMATERdbTrain\7\bcc000298.bmp
1352,7,dataset\CMATERdbTrain\7\bcc000299.bmp
1353,7,dataset\CMATERdbTrain\7\bcc000300.bmp
1354,7,dataset\CMATERdbTrain\7\bcc000301.bmp
1355,7,dataset\CMATERdbTrain\7\bcc000302.bmp
1356,7,dataset\CMATERdbTrain\7\bcc000303.bmp
1367,7,dataset\CMATERdbTrain\7\bcc000314.bmp
1358,7,dataset\CMATERdbTrain\7\bcc000305.bmp
1359,7,dataset\CMATERdbTrain\7\bcc000306.bmp
1360,7,dataset\CMATERdbTrain\7\bcc000307.bmp
1361,7,dataset\CMATERdbTrain\7\bcc000308.bmp
1362,7,dataset\CMATERdbTrain\7\bcc000309.bmp
1363,7,dataset\CMATERdbTrain\7\bcc000310.bmp
1364,7,dataset\CMATERdbTrain\7\bcc000311.bmp
1357,7,dataset\CMATERdbTrain\7\bcc000304.bmp
1455,8,dataset\CMATERdbTrain\8\bcc000355.bmp
1456,8,dataset\CMATERdbTrain\8\bcc000356.bmp
1457,8,dataset\CMATERdbTrain\8\bcc000357.bmp
1458,8,dataset\CMATERdbTrain\8\bcc000358.bmp
1459,8,dataset\CMATERdbTrain\8\bcc000359.bmp
1460,8,dataset\CMATERdbTrain\8\bcc000360.bmp
1461,8,dataset\CMATERdbTrain\8\bcc000361.bmp
1462,8,dataset\CMATERdbTrain\8\bcc000362.bmp
1466,8,dataset\CMATERdbTrain\8\bcc000366.bmp
1464,8,dataset\CMATERdbTrain\8\bcc000364.bmp
1465,8,dataset\CMATERdbTrain\8\bcc000365.bmp
1467,8,dataset\CMATERdbTrain\8\bcc000367.bmp
1468,8,dataset\CMATERdbTrain\8\bcc000368.bmp
1469,8,dataset\CMATERdbTrain\8\bcc000369.bmp
1470,8,dataset\CMATERdbTrain\8\bcc000370.bmp
1471,8,dataset\CMATERdbTrain\8\bcc000371.bmp
1463,8,dataset\CMATERdbTrain\8\bcc000363.bmp
1453,8,dataset\CMATERdbTrain\8\bcc000353.bmp
1454,8,dataset\CMATERdbTrain\8\bcc000354.bmp
1451,8,dataset\CMATERdbTrain\8\bcc000351.bmp
1452,8,dataset\CMATERdbTrain\8\bcc000352.bmp
1525,9,dataset\CMATERdbTrain\9\2\bcc000410.bmp
1524,9,dataset\CMATERdbTrain\9\2\bcc000409.bmp
1523,9,dataset\CMATERdbTrain\9\2\bcc000408.bmp
1522,9,dataset\CMATERdbTrain\9\2\bcc000407.bmp
1521,9,dataset\CMATERdbTrain\9\2\bcc000406.bmp
1520,9,dataset\CMATERdbTrain\9\2\bcc000405.bmp
1519,9,dataset\CMATERdbTrain\9\2\bcc000404.bmp
1518,9,dataset\CMATERdbTrain\9\2\bcc000403.bmp
1517,9,dataset\CMATERdbTrain\9\2\bcc000402.bmp
1499,9,dataset\CMATERdbTrain\9\1\bcc000384.bmp
1500,9,dataset\CMATERdbTrain\9\1\bcc000385.bmp
1501,9,dataset\CMATERdbTrain\9\1\bcc000386.bmp
1502,9,dataset\CMATERdbTrain\9\1\bcc000387.bmp
1503,9,dataset\CMATERdbTrain\9\1\bcc000388.bmp
1505,9,dataset\CMATERdbTrain\9\1\bcc000390.bmp
1506,9,dataset\CMATERdbTrain\9\1\bcc000391.bmp
1507,9,dataset\CMATERdbTrain\9\1\bcc000392.bmp
1508,9,dataset\CMATERdbTrain\9\1\bcc000393.bmp
1509,9,dataset\CMATERdbTrain\9\1\bcc000394.bmp
1510,9,dataset\CMATERdbTrain\9\1\bcc000395.bmp
1511,9,dataset\CMATERdbTrain\9\2\bcc000396.bmp
1512,9,dataset\CMATERdbTrain\9\2\bcc000397.bmp
1513,9,dataset\CMATERdbTrain\9\2\bcc000398.bmp
1498,9,dataset\CMATERdbTrain\9\1\bcc000383.bmp
1515,9,dataset\CMATERdbTrain\9\2\bcc000400.bmp
1516,9,dataset\CMATERdbTrain\9\2\bcc000401.bmp
1504,9,dataset\CMATERdbTrain\9\1\bcc000389.bmp
1514,9,dataset\CMATERdbTrain\9\2\bcc000399.bmp
1532,9,dataset\CMATERdbTrain\9\2\bcc000417.bmp
1539,9,dataset\CMATERdbTrain\9\2\bcc000424.bmp
1535,9,dataset\CMATERdbTrain\9\2\bcc000420.bmp
1536,9,dataset\CMATERdbTrain\9\2\bcc000421.bmp
1537,9,dataset\CMATERdbTrain\9\2\bcc000422.bmp
1531,9,dataset\CMATERdbTrain\9\2\bcc000416.bmp
1538,9,dataset\CMATERdbTrain\9\2\bcc000423.bmp
1487,9,dataset\CMATERdbTrain\9\1\bcc000372.bmp
1540,9,dataset\CMATERdbTrain\9\2\bcc000425.bmp
1541,9,dataset\CMATERdbTrain\9\2\bcc000426.bmp
1542,9,dataset\CMATERdbTrain\9\2\bcc000427.bmp
1530,9,dataset\CMATERdbTrain\9\2\bcc000415.bmp
1529,9,dataset\CMATERdbTrain\9\2\bcc000414.bmp
1528,9,dataset\CMATERdbTrain\9\2\bcc000413.bmp
1527,9,dataset\CMATERdbTrain\9\2\bcc000412.bmp
1526,9,dataset\CMATERdbTrain\9\2\bcc000411.bmp
1488,9,dataset\CMATERdbTrain\9\1\bcc000373.bmp
1489,9,dataset\CMATERdbTrain\9\1\bcc000374.bmp
1490,9,dataset\CMATERdbTrain\9\1\bcc000375.bmp
1491,9,dataset\CMATERdbTrain\9\1\bcc000376.bmp
1492,9,dataset\CMATERdbTrain\9\1\bcc000377.bmp
1497,9,dataset\CMATERdbTrain\9\1\bcc000382.bmp
1496,9,dataset\CMATERdbTrain\9\1\bcc000381.bmp
1493,9,dataset\CMATERdbTrain\9\1\bcc000378.bmp
1494,9,dataset\CMATERdbTrain\9\1\bcc000379.bmp
1495,9,dataset\CMATERdbTrain\9\1\bcc000380.bmp
1534,9,dataset\CMATERdbTrain\9\2\bcc000419.bmp
1533,9,dataset\CMATERdbTrain\9\2\bcc000418.bmp
112,11,dataset\CMATERdbTrain\11\bcc000471.bmp
70,11,dataset\CMATERdbTrain\11\bcc000429.bmp
117,11,dataset\CMATERdbTrain\11\bcc000476.bmp
122,11,dataset\CMATERdbTrain\11\bcc000481.bmp
121,11,dataset\CMATERdbTrain\11\bcc000480.bmp
120,11,dataset\CMATERdbTrain\11\bcc000479.bmp
119,11,dataset\CMATERdbTrain\11\bcc000478.bmp
118,11,dataset\CMATERdbTrain\11\bcc000477.bmp
113,11,dataset\CMATERdbTrain\11\bcc000472.bmp
114,11,dataset\CMATERdbTrain\11\bcc000473.bmp
115,11,dataset\CMATERdbTrain\11\bcc000474.bmp
116,11,dataset\CMATERdbTrain\11\bcc000475.bmp
111,11,dataset\CMATERdbTrain\11\bcc000470.bmp
110,11,dataset\CMATERdbTrain\11\bcc000469.bmp
109,11,dataset\CMATERdbTrain\11\bcc000468.bmp
108,11,dataset\CMATERdbTrain\11\bcc000467.bmp
87,11,dataset\CMATERdbTrain\11\bcc000446.bmp
86,11,dataset\CMATERdbTrain\11\bcc000445.bmp
85,11,dataset\CMATERdbTrain\11\bcc000444.bmp
84,11,dataset\CMATERdbTrain\11\bcc000443.bmp
83,11,dataset\CMATERdbTrain\11\bcc000442.bmp
82,11,dataset\CMATERdbTrain\11\bcc000441.bmp
81,11,dataset\CMATERdbTrain\11\bcc000440.bmp
88,11,dataset\CMATERdbTrain\11\bcc000447.bmp
80,11,dataset\CMATERdbTrain\11\bcc000439.bmp
78,11,dataset\CMATERdbTrain\11\bcc000437.bmp
77,11,dataset\CMATERdbTrain\11\bcc000436.bmp
75,11,dataset\CMATERdbTrain\11\bcc000434.bmp
74,11,dataset\CMATERdbTrain\11\bcc000433.bmp
73,11,dataset\CMATERdbTrain\11\bcc000432.bmp
72,11,dataset\CMATERdbTrain\11\bcc000431.bmp
71,11,dataset\CMATERdbTrain\11\bcc000430.bmp
79,11,dataset\CMATERdbTrain\11\bcc000438.bmp
89,11,dataset\CMATERdbTrain\11\bcc000448.bmp
90,11,dataset\CMATERdbTrain\11\bcc000449.bmp
91,11,dataset\CMATERdbTrain\11\bcc000450.bmp
107,11,dataset\CMATERdbTrain\11\bcc000466.bmp
106,11,dataset\CMATERdbTrain\11\bcc000465.bmp
105,11,dataset\CMATERdbTrain\11\bcc000464.bmp
104,11,dataset\CMATERdbTrain\11\bcc000463.bmp
103,11,dataset\CMATERdbTrain\11\bcc000462.bmp
102,11,dataset\CMATERdbTrain\11\bcc000461.bmp
101,11,dataset\CMATERdbTrain\11\bcc000460.bmp
100,11,dataset\CMATERdbTrain\11\bcc000459.bmp
99,11,dataset\CMATERdbTrain\11\bcc000458.bmp
98,11,dataset\CMATERdbTrain\11\bcc000457.bmp
97,11,dataset\CMATERdbTrain\11\bcc000456.bmp
96,11,dataset\CMATERdbTrain\11\bcc000455.bmp
95,11,dataset\CMATERdbTrain\11\bcc000454.bmp
94,11,dataset\CMATERdbTrain\11\bcc000453.bmp
93,11,dataset\CMATERdbTrain\11\bcc000452.bmp
92,11,dataset\CMATERdbTrain\11\bcc000451.bmp
69,11,dataset\CMATERdbTrain\11\bcc000428.bmp
76,11,dataset\CMATERdbTrain\11\bcc000435.bmp
174,12,dataset\CMATERdbTrain\12\2\bcc000506.bmp
175,12,dataset\CMATERdbTrain\12\2\bcc000507.bmp
195,12,dataset\CMATERdbTrain\12\2\bcc000527.bmp
164,12,dataset\CMATERdbTrain\12\1\bcc000496.bmp
163,12,dataset\CMATERdbTrain\12\1\bcc000495.bmp
162,12,dataset\CMATERdbTrain\12\1\bcc000494.bmp
161,12,dataset\CMATERdbTrain\12\1\bcc000493.bmp
160,12,dataset\CMATERdbTrain\12\1\bcc000492.bmp
159,12,dataset\CMATERdbTrain\12\1\bcc000491.bmp
158,12,dataset\CMATERdbTrain\12\1\bcc000490.bmp
157,12,dataset\CMATERdbTrain\12\1\bcc000489.bmp
156,12,dataset\CMATERdbTrain\12\1\bcc000488.bmp
165,12,dataset\CMATERdbTrain\12\1\bcc000497.bmp
154,12,dataset\CMATERdbTrain\12\1\bcc000486.bmp
152,12,dataset\CMATERdbTrain\12\1\bcc000484.bmp
151,12,dataset\CMATERdbTrain\12\1\bcc000483.bmp
150,12,dataset\CMATERdbTrain\12\1\bcc000482.bmp
178,12,dataset\CMATERdbTrain\12\2\bcc000510.bmp
177,12,dataset\CMATERdbTrain\12\2\bcc000509.bmp
176,12,dataset\CMATERdbTrain\12\2\bcc000508.bmp
196,12,dataset\CMATERdbTrain\12\2\bcc000528.bmp
197,12,dataset\CMATERdbTrain\12\2\bcc000529.bmp
194,12,dataset\CMATERdbTrain\12\2\bcc000526.bmp
153,12,dataset\CMATERdbTrain\12\1\bcc000485.bmp
166,12,dataset\CMATERdbTrain\12\1\bcc000498.bmp
155,12,dataset\CMATERdbTrain\12\1\bcc000487.bmp
168,12,dataset\CMATERdbTrain\12\1\bcc000500.bmp
167,12,dataset\CMATERdbTrain\12\1\bcc000499.bmp
192,12,dataset\CMATERdbTrain\12\2\bcc000524.bmp
191,12,dataset\CMATERdbTrain\12\2\bcc000523.bmp
190,12,dataset\CMATERdbTrain\12\2\bcc000522.bmp
189,12,dataset\CMATERdbTrain\12\2\bcc000521.bmp
188,12,dataset\CMATERdbTrain\12\2\bcc000520.bmp
187,12,dataset\CMATERdbTrain\12\2\bcc000519.bmp
186,12,dataset\CMATERdbTrain\12\2\bcc000518.bmp
185,12,dataset\CMATERdbTrain\12\2\bcc000517.bmp
193,12,dataset\CMATERdbTrain\12\2\bcc000525.bmp
184,12,dataset\CMATERdbTrain\12\2\bcc000516.bmp
182,12,dataset\CMATERdbTrain\12\2\bcc000514.bmp
181,12,dataset\CMATERdbTrain\12\2\bcc000513.bmp
180,12,dataset\CMATERdbTrain\12\2\bcc000512.bmp
179,12,dataset\CMATERdbTrain\12\2\bcc000511.bmp
173,12,dataset\CMATERdbTrain\12\2\bcc000505.bmp
172,12,dataset\CMATERdbTrain\12\2\bcc000504.bmp
171,12,dataset\CMATERdbTrain\12\1\bcc000503.bmp
170,12,dataset\CMATERdbTrain\12\1\bcc000502.bmp
169,12,dataset\CMATERdbTrain\12\1\bcc000501.bmp
183,12,dataset\CMATERdbTrain\12\2\bcc000515.bmp
215,13,dataset\CMATERdbTrain\13\bcc000538.bmp
216,13,dataset\CMATERdbTrain\13\bcc000539.bmp
212,13,dataset\CMATERdbTrain\13\bcc000535.bmp
211,13,dataset\CMATERdbTrain\13\bcc000534.bmp
208,13,dataset\CMATERdbTrain\13\bcc000531.bmp
209,13,dataset\CMATERdbTrain\13\bcc000532.bmp
214,13,dataset\CMATERdbTrain\13\bcc000537.bmp
207,13,dataset\CMATERdbTrain\13\bcc000530.bmp
210,13,dataset\CMATERdbTrain\13\bcc000533.bmp
213,13,dataset\CMATERdbTrain\13\bcc000536.bmp
226,14,dataset\CMATERdbTrain\14\bcc000548.bmp
225,14,dataset\CMATERdbTrain\14\bcc000547.bmp
224,14,dataset\CMATERdbTrain\14\bcc000546.bmp
228,14,dataset\CMATERdbTrain\14\bcc000550.bmp
222,14,dataset\CMATERdbTrain\14\bcc000544.bmp
221,14,dataset\CMATERdbTrain\14\bcc000543.bmp
220,14,dataset\CMATERdbTrain\14\bcc000542.bmp
219,14,dataset\CMATERdbTrain\14\bcc000541.bmp
218,14,dataset\CMATERdbTrain\14\bcc000540.bmp
229,14,dataset\CMATERdbTrain\14\bcc000551.bmp
230,14,dataset\CMATERdbTrain\14\bcc000552.bmp
227,14,dataset\CMATERdbTrain\14\bcc000549.bmp
223,14,dataset\CMATERdbTrain\14\bcc000545.bmp
235,15,dataset\CMATERdbTrain\15\1\bcc000555.bmp
234,15,dataset\CMATERdbTrain\15\1\bcc000554.bmp
258,15,dataset\CMATERdbTrain\15\1\bcc000578.bmp
257,15,dataset\CMATERdbTrain\15\1\bcc000577.bmp
256,15,dataset\CMATERdbTrain\15\1\bcc000576.bmp
255,15,dataset\CMATERdbTrain\15\1\bcc000575.bmp
254,15,dataset\CMATERdbTrain\15\1\bcc000574.bmp
253,15,dataset\CMATERdbTrain\15\1\bcc000573.bmp
252,15,dataset\CMATERdbTrain\15\1\bcc000572.bmp
251,15,dataset\CMATERdbTrain\15\1\bcc000571.bmp
250,15,dataset\CMATERdbTrain\15\1\bcc000570.bmp
249,15,dataset\CMATERdbTrain\15\1\bcc000569.bmp
248,15,dataset\CMATERdbTrain\15\1\bcc000568.bmp
233,15,dataset\CMATERdbTrain\15\1\bcc000553.bmp
247,15,dataset\CMATERdbTrain\15\1\bcc000567.bmp
245,15,dataset\CMATERdbTrain\15\1\bcc000565.bmp
244,15,dataset\CMATERdbTrain\15\1\bcc000564.bmp
243,15,dataset\CMATERdbTrain\15\1\bcc000563.bmp
242,15,dataset\CMATERdbTrain\15\1\bcc000562.bmp
241,15,dataset\CMATERdbTrain\15\1\bcc000561.bmp
240,15,dataset\CMATERdbTrain\15\1\bcc000560.bmp
239,15,dataset\CMATERdbTrain\15\1\bcc000559.bmp
261,15,dataset\CMATERdbTrain\15\2\bcc000581.bmp
238,15,dataset\CMATERdbTrain\15\1\bcc000558.bmp
237,15,dataset\CMATERdbTrain\15\1\bcc000557.bmp
262,15,dataset\CMATERdbTrain\15\2\bcc000582.bmp
246,15,dataset\CMATERdbTrain\15\1\bcc000566.bmp
236,15,dataset\CMATERdbTrain\15\1\bcc000556.bmp
264,15,dataset\CMATERdbTrain\15\2\bcc000584.bmp
259,15,dataset\CMATERdbTrain\15\1\bcc000579.bmp
263,15,dataset\CMATERdbTrain\15\2\bcc000583.bmp
273,15,dataset\CMATERdbTrain\15\2\bcc000593.bmp
272,15,dataset\CMATERdbTrain\15\2\bcc000592.bmp
271,15,dataset\CMATERdbTrain\15\2\bcc000591.bmp
270,15,dataset\CMATERdbTrain\15\2\bcc000590.bmp
260,15,dataset\CMATERdbTrain\15\2\bcc000580.bmp
268,15,dataset\CMATERdbTrain\15\2\bcc000588.bmp
267,15,dataset\CMATERdbTrain\15\2\bcc000587.bmp
266,15,dataset\CMATERdbTrain\15\2\bcc000586.bmp
265,15,dataset\CMATERdbTrain\15\2\bcc000585.bmp
269,15,dataset\CMATERdbTrain\15\2\bcc000589.bmp
303,16,dataset\CMATERdbTrain\16\bcc000618.bmp
304,16,dataset\CMATERdbTrain\16\bcc000619.bmp
305,16,dataset\CMATERdbTrain\16\bcc000620.bmp
306,16,dataset\CMATERdbTrain\16\bcc000621.bmp
307,16,dataset\CMATERdbTrain\16\bcc000622.bmp
308,16,dataset\CMATERdbTrain\16\bcc000623.bmp
309,16,dataset\CMATERdbTrain\16\bcc000624.bmp
310,16,dataset\CMATERdbTrain\16\bcc000625.bmp
312,16,dataset\CMATERdbTrain\16\bcc000627.bmp
313,16,dataset\CMATERdbTrain\16\bcc000628.bmp
314,16,dataset\CMATERdbTrain\16\bcc000629.bmp
315,16,dataset\CMATERdbTrain\16\bcc000630.bmp
316,16,dataset\CMATERdbTrain\16\bcc000631.bmp
317,16,dataset\CMATERdbTrain\16\bcc000632.bmp
318,16,dataset\CMATERdbTrain\16\bcc000633.bmp
319,16,dataset\CMATERdbTrain\16\bcc000634.bmp
320,16,dataset\CMATERdbTrain\16\bcc000635.bmp
311,16,dataset\CMATERdbTrain\16\bcc000626.bmp
302,16,dataset\CMATERdbTrain\16\bcc000617.bmp
299,16,dataset\CMATERdbTrain\16\bcc000614.bmp
300,16,dataset\CMATERdbTrain\16\bcc000615.bmp
279,16,dataset\CMATERdbTrain\16\bcc000594.bmp
280,16,dataset\CMATERdbTrain\16\bcc000595.bmp
281,16,dataset\CMATERdbTrain\16\bcc000596.bmp
283,16,dataset\CMATERdbTrain\16\bcc000598.bmp
284,16,dataset\CMATERdbTrain\16\bcc000599.bmp
285,16,dataset\CMATERdbTrain\16\bcc000600.bmp
286,16,dataset\CMATERdbTrain\16\bcc000601.bmp
287,16,dataset\CMATERdbTrain\16\bcc000602.bmp
301,16,dataset\CMATERdbTrain\16\bcc000616.bmp
288,16,dataset\CMATERdbTrain\16\bcc000603.bmp
290,16,dataset\CMATERdbTrain\16\bcc000605.bmp
291,16,dataset\CMATERdbTrain\16\bcc000606.bmp
292,16,dataset\CMATERdbTrain\16\bcc000607.bmp
293,16,dataset\CMATERdbTrain\16\bcc000608.bmp
294,16,dataset\CMATERdbTrain\16\bcc000609.bmp
295,16,dataset\CMATERdbTrain\16\bcc000610.bmp
297,16,dataset\CMATERdbTrain\16\bcc000612.bmp
298,16,dataset\CMATERdbTrain\16\bcc000613.bmp
289,16,dataset\CMATERdbTrain\16\bcc000604.bmp
296,16,dataset\CMATERdbTrain\16\bcc000611.bmp
282,16,dataset\CMATERdbTrain\16\bcc000597.bmp
363,17,dataset\CMATERdbTrain\17\bcc000678.bmp
339,17,dataset\CMATERdbTrain\17\bcc000654.bmp
338,17,dataset\CMATERdbTrain\17\bcc000653.bmp
337,17,dataset\CMATERdbTrain\17\bcc000652.bmp
336,17,dataset\CMATERdbTrain\17\bcc000651.bmp
335,17,dataset\CMATERdbTrain\17\bcc000650.bmp
334,17,dataset\CMATERdbTrain\17\bcc000649.bmp
333,17,dataset\CMATERdbTrain\17\bcc000648.bmp
332,17,dataset\CMATERdbTrain\17\bcc000647.bmp
340,17,dataset\CMATERdbTrain\17\bcc000655.bmp
331,17,dataset\CMATERdbTrain\17\bcc000646.bmp
329,17,dataset\CMATERdbTrain\17\bcc000644.bmp
328,17,dataset\CMATERdbTrain\17\bcc000643.bmp
327,17,dataset\CMATERdbTrain\17\bcc000642.bmp
326,17,dataset\CMATERdbTrain\17\bcc000641.bmp
325,17,dataset\CMATERdbTrain\17\bcc000640.bmp
324,17,dataset\CMATERdbTrain\17\bcc000639.bmp
323,17,dataset\CMATERdbTrain\17\bcc000638.bmp
322,17,dataset\CMATERdbTrain\17\bcc000637.bmp
330,17,dataset\CMATERdbTrain\17\bcc000645.bmp
341,17,dataset\CMATERdbTrain\17\bcc000656.bmp
342,17,dataset\CMATERdbTrain\17\bcc000657.bmp
343,17,dataset\CMATERdbTrain\17\bcc000658.bmp
362,17,dataset\CMATERdbTrain\17\bcc000677.bmp
361,17,dataset\CMATERdbTrain\17\bcc000676.bmp
360,17,dataset\CMATERdbTrain\17\bcc000675.bmp
359,17,dataset\CMATERdbTrain\17\bcc000674.bmp
358,17,dataset\CMATERdbTrain\17\bcc000673.bmp
357,17,dataset\CMATERdbTrain\17\bcc000672.bmp
356,17,dataset\CMATERdbTrain\17\bcc000671.bmp
355,17,dataset\CMATERdbTrain\17\bcc000670.bmp
354,17,dataset\CMATERdbTrain\17\bcc000669.bmp
353,17,dataset\CMATERdbTrain\17\bcc000668.bmp
352,17,dataset\CMATERdbTrain\17\bcc000667.bmp
351,17,dataset\CMATERdbTrain\17\bcc000666.bmp
350,17,dataset\CMATERdbTrain\17\bcc000665.bmp
349,17,dataset\CMATERdbTrain\17\bcc000664.bmp
348,17,dataset\CMATERdbTrain\17\bcc000663.bmp
347,17,dataset\CMATERdbTrain\17\bcc000662.bmp
346,17,dataset\CMATERdbTrain\17\bcc000661.bmp
345,17,dataset\CMATERdbTrain\17\bcc000660.bmp
344,17,dataset\CMATERdbTrain\17\bcc000659.bmp
321,17,dataset\CMATERdbTrain\17\bcc000636.bmp
366,17,dataset\CMATERdbTrain\17\bcc000681.bmp
364,17,dataset\CMATERdbTrain\17\bcc000679.bmp
376,17,dataset\CMATERdbTrain\17\bcc000691.bmp
367,17,dataset\CMATERdbTrain\17\bcc000682.bmp
368,17,dataset\CMATERdbTrain\17\bcc000683.bmp
369,17,dataset\CMATERdbTrain\17\bcc000684.bmp
370,17,dataset\CMATERdbTrain\17\bcc000685.bmp
371,17,dataset\CMATERdbTrain\17\bcc000686.bmp
372,17,dataset\CMATERdbTrain\17\bcc000687.bmp
373,17,dataset\CMATERdbTrain\17\bcc000688.bmp
374,17,dataset\CMATERdbTrain\17\bcc000689.bmp
375,17,dataset\CMATERdbTrain\17\bcc000690.bmp
377,17,dataset\CMATERdbTrain\17\bcc000692.bmp
365,17,dataset\CMATERdbTrain\17\bcc000680.bmp
383,18,dataset\CMATERdbTrain\18\bcc000698.bmp
382,18,dataset\CMATERdbTrain\18\bcc000697.bmp
381,18,dataset\CMATERdbTrain\18\bcc000696.bmp
378,18,dataset\CMATERdbTrain\18\bcc000693.bmp
379,18,dataset\CMATERdbTrain\18\bcc000694.bmp
384,18,dataset\CMATERdbTrain\18\bcc000699.bmp
380,18,dataset\CMATERdbTrain\18\bcc000695.bmp
388,19,dataset\CMATERdbTrain\19\bcc000703.bmp
387,19,dataset\CMATERdbTrain\19\bcc000702.bmp
414,19,dataset\CMATERdbTrain\19\bcc000729.bmp
385,19,dataset\CMATERdbTrain\19\bcc000700.bmp
389,19,dataset\CMATERdbTrain\19\bcc000704.bmp
386,19,dataset\CMATERdbTrain\19\bcc000701.bmp
415,19,dataset\CMATERdbTrain\19\bcc000730.bmp
390,19,dataset\CMATERdbTrain\19\bcc000705.bmp
392,19,dataset\CMATERdbTrain\19\bcc000707.bmp
413,19,dataset\CMATERdbTrain\19\bcc000728.bmp
412,19,dataset\CMATERdbTrain\19\bcc000727.bmp
416,19,dataset\CMATERdbTrain\19\bcc000731.bmp
410,19,dataset\CMATERdbTrain\19\bcc000725.bmp
409,19,dataset\CMATERdbTrain\19\bcc000724.bmp
408,19,dataset\CMATERdbTrain\19\bcc000723.bmp
407,19,dataset\CMATERdbTrain\19\bcc000722.bmp
406,19,dataset\CMATERdbTrain\19\bcc000721.bmp
417,19,dataset\CMATERdbTrain\19\bcc000732.bmp
418,19,dataset\CMATERdbTrain\19\bcc000733.bmp
419,19,dataset\CMATERdbTrain\19\bcc000734.bmp
420,19,dataset\CMATERdbTrain\19\bcc000735.bmp
403,19,dataset\CMATERdbTrain\19\bcc000718.bmp
402,19,dataset\CMATERdbTrain\19\bcc000717.bmp
401,19,dataset\CMATERdbTrain\19\bcc000716.bmp
400,19,dataset\CMATERdbTrain\19\bcc000715.bmp
399,19,dataset\CMATERdbTrain\19\bcc000714.bmp
398,19,dataset\CMATERdbTrain\19\bcc000713.bmp
397,19,dataset\CMATERdbTrain\19\bcc000712.bmp
396,19,dataset\CMATERdbTrain\19\bcc000711.bmp
395,19,dataset\CMATERdbTrain\19\bcc000710.bmp
394,19,dataset\CMATERdbTrain\19\bcc000709.bmp
393,19,dataset\CMATERdbTrain\19\bcc000708.bmp
391,19,dataset\CMATERdbTrain\19\bcc000706.bmp
411,19,dataset\CMATERdbTrain\19\bcc000726.bmp
404,19,dataset\CMATERdbTrain\19\bcc000719.bmp
405,19,dataset\CMATERdbTrain\19\bcc000720.bmp
507,20,dataset\CMATERdbTrain\20\bcc000766.bmp
508,20,dataset\CMATERdbTrain\20\bcc000767.bmp
509,20,dataset\CMATERdbTrain\20\bcc000768.bmp
510,20,dataset\CMATERdbTrain\20\bcc000769.bmp
511,20,dataset\CMATERdbTrain\20\bcc000770.bmp
512,20,dataset\CMATERdbTrain\20\bcc000771.bmp
513,20,dataset\CMATERdbTrain\20\bcc000772.bmp
514,20,dataset\CMATERdbTrain\20\bcc000773.bmp
515,20,dataset\CMATERdbTrain\20\bcc000774.bmp
516,20,dataset\CMATERdbTrain\20\bcc000775.bmp
517,20,dataset\CMATERdbTrain\20\bcc000776.bmp
518,20,dataset\CMATERdbTrain\20\bcc000777.bmp
519,20,dataset\CMATERdbTrain\20\bcc000778.bmp
520,20,dataset\CMATERdbTrain\20\bcc000779.bmp
521,20,dataset\CMATERdbTrain\20\bcc000780.bmp
522,20,dataset\CMATERdbTrain\20\bcc000781.bmp
523,20,dataset\CMATERdbTrain\20\bcc000782.bmp
506,20,dataset\CMATERdbTrain\20\bcc000765.bmp
505,20,dataset\CMATERdbTrain\20\bcc000764.bmp
482,20,dataset\CMATERdbTrain\20\bcc000741.bmp
503,20,dataset\CMATERdbTrain\20\bcc000762.bmp
485,20,dataset\CMATERdbTrain\20\bcc000744.bmp
486,20,dataset\CMATERdbTrain\20\bcc000745.bmp
487,20,dataset\CMATERdbTrain\20\bcc000746.bmp
488,20,dataset\CMATERdbTrain\20\bcc000747.bmp
489,20,dataset\CMATERdbTrain\20\bcc000748.bmp
490,20,dataset\CMATERdbTrain\20\bcc000749.bmp
491,20,dataset\CMATERdbTrain\20\bcc000750.bmp
492,20,dataset\CMATERdbTrain\20\bcc000751.bmp
477,20,dataset\CMATERdbTrain\20\bcc000736.bmp
493,20,dataset\CMATERdbTrain\20\bcc000752.bmp
495,20,dataset\CMATERdbTrain\20\bcc000754.bmp
496,20,dataset\CMATERdbTrain\20\bcc000755.bmp
497,20,dataset\CMATERdbTrain\20\bcc000756.bmp
498,20,dataset\CMATERdbTrain\20\bcc000757.bmp
499,20,dataset\CMATERdbTrain\20\bcc000758.bmp
500,20,dataset\CMATERdbTrain\20\bcc000759.bmp
501,20,dataset\CMATERdbTrain\20\bcc000760.bmp
502,20,dataset\CMATERdbTrain\20\bcc000761.bmp
494,20,dataset\CMATERdbTrain\20\bcc000753.bmp
504,20,dataset\CMATERdbTrain\20\bcc000763.bmp
478,20,dataset\CMATERdbTrain\20\bcc000737.bmp
480,20,dataset\CMATERdbTrain\20\bcc000739.bmp
479,20,dataset\CMATERdbTrain\20\bcc000738.bmp
532,20,dataset\CMATERdbTrain\20\bcc000791.bmp
531,20,dataset\CMATERdbTrain\20\bcc000790.bmp
530,20,dataset\CMATERdbTrain\20\bcc000789.bmp
483,20,dataset\CMATERdbTrain\20\bcc000742.bmp
529,20,dataset\CMATERdbTrain\20\bcc000788.bmp
484,20,dataset\CMATERdbTrain\20\bcc000743.bmp
527,20,dataset\CMATERdbTrain\20\bcc000786.bmp
526,20,dataset\CMATERdbTrain\20\bcc000785.bmp
525,20,dataset\CMATERdbTrain\20\bcc000784.bmp
524,20,dataset\CMATERdbTrain\20\bcc000783.bmp
528,20,dataset\CMATERdbTrain\20\bcc000787.bmp
481,20,dataset\CMATERdbTrain\20\bcc000740.bmp
550,21,dataset\CMATERdbTrain\21\bcc000809.bmp
551,21,dataset\CMATERdbTrain\21\bcc000810.bmp
552,21,dataset\CMATERdbTrain\21\bcc000811.bmp
553,21,dataset\CMATERdbTrain\21\bcc000812.bmp
555,21,dataset\CMATERdbTrain\21\bcc000814.bmp
549,21,dataset\CMATERdbTrain\21\bcc000808.bmp
556,21,dataset\CMATERdbTrain\21\bcc000815.bmp
557,21,dataset\CMATERdbTrain\21\bcc000816.bmp
558,21,dataset\CMATERdbTrain\21\bcc000817.bmp
559,21,dataset\CMATERdbTrain\21\bcc000818.bmp
560,21,dataset\CMATERdbTrain\21\bcc000819.bmp
554,21,dataset\CMATERdbTrain\21\bcc000813.bmp
548,21,dataset\CMATERdbTrain\21\bcc000807.bmp
545,21,dataset\CMATERdbTrain\21\bcc000804.bmp
546,21,dataset\CMATERdbTrain\21\bcc000805.bmp
544,21,dataset\CMATERdbTrain\21\bcc000803.bmp
543,21,dataset\CMATERdbTrain\21\bcc000802.bmp
542,21,dataset\CMATERdbTrain\21\bcc000801.bmp
540,21,dataset\CMATERdbTrain\21\bcc000799.bmp
539,21,dataset\CMATERdbTrain\21\bcc000798.bmp
538,21,dataset\CMATERdbTrain\21\bcc000797.bmp
537,21,dataset\CMATERdbTrain\21\bcc000796.bmp
536,21,dataset\CMATERdbTrain\21\bcc000795.bmp
535,21,dataset\CMATERdbTrain\21\bcc000794.bmp
534,21,dataset\CMATERdbTrain\21\bcc000793.bmp
533,21,dataset\CMATERdbTrain\21\bcc000792.bmp
547,21,dataset\CMATERdbTrain\21\bcc000806.bmp
541,21,dataset\CMATERdbTrain\21\bcc000800.bmp
612,22,dataset\CMATERdbTrain\22\bcc000871.bmp
593,22,dataset\CMATERdbTrain\22\bcc000852.bmp
588,22,dataset\CMATERdbTrain\22\bcc000847.bmp
590,22,dataset\CMATERdbTrain\22\bcc000849.bmp
591,22,dataset\CMATERdbTrain\22\bcc000850.bmp
592,22,dataset\CMATERdbTrain\22\bcc000851.bmp
594,22,dataset\CMATERdbTrain\22\bcc000853.bmp
595,22,dataset\CMATERdbTrain\22\bcc000854.bmp
596,22,dataset\CMATERdbTrain\22\bcc000855.bmp
597,22,dataset\CMATERdbTrain\22\bcc000856.bmp
598,22,dataset\CMATERdbTrain\22\bcc000857.bmp
599,22,dataset\CMATERdbTrain\22\bcc000858.bmp
600,22,dataset\CMATERdbTrain\22\bcc000859.bmp
601,22,dataset\CMATERdbTrain\22\bcc000860.bmp
602,22,dataset\CMATERdbTrain\22\bcc000861.bmp
603,22,dataset\CMATERdbTrain\22\bcc000862.bmp
604,22,dataset\CMATERdbTrain\22\bcc000863.bmp
605,22,dataset\CMATERdbTrain\22\bcc000864.bmp
606,22,dataset\CMATERdbTrain\22\bcc000865.bmp
607,22,dataset\CMATERdbTrain\22\bcc000866.bmp
608,22,dataset\CMATERdbTrain\22\bcc000867.bmp
609,22,dataset\CMATERdbTrain\22\bcc000868.bmp
610,22,dataset\CMATERdbTrain\22\bcc000869.bmp
611,22,dataset\CMATERdbTrain\22\bcc000870.bmp
613,22,dataset\CMATERdbTrain\22\bcc000872.bmp
587,22,dataset\CMATERdbTrain\22\bcc000846.bmp
586,22,dataset\CMATERdbTrain\22\bcc000845.bmp
589,22,dataset\CMATERdbTrain\22\bcc000848.bmp
584,22,dataset\CMATERdbTrain\22\bcc000843.bmp
561,22,dataset\CMATERdbTrain\22\bcc000820.bmp
562,22,dataset\CMATERdbTrain\22\bcc000821.bmp
563,22,dataset\CMATERdbTrain\22\bcc000822.bmp
564,22,dataset\CMATERdbTrain\22\bcc000823.bmp
565,22,dataset\CMATERdbTrain\22\bcc000824.bmp
566,22,dataset\CMATERdbTrain\22\bcc000825.bmp
567,22,dataset\CMATERdbTrain\22\bcc000826.bmp
568,22,dataset\CMATERdbTrain\22\bcc000827.bmp
569,22,dataset\CMATERdbTrain\22\bcc000828.bmp
570,22,dataset\CMATERdbTrain\22\bcc000829.bmp
585,22,dataset\CMATERdbTrain\22\bcc000844.bmp
572,22,dataset\CMATERdbTrain\22\bcc000831.bmp
571,22,dataset\CMATERdbTrain\22\bcc000830.bmp
574,22,dataset\CMATERdbTrain\22\bcc000833.bmp
583,22,dataset\CMATERdbTrain\22\bcc000842.bmp
582,22,dataset\CMATERdbTrain\22\bcc000841.bmp
573,22,dataset\CMATERdbTrain\22\bcc000832.bmp
580,22,dataset\CMATERdbTrain\22\bcc000839.bmp
581,22,dataset\CMATERdbTrain\22\bcc000840.bmp
578,22,dataset\CMATERdbTrain\22\bcc000837.bmp
577,22,dataset\CMATERdbTrain\22\bcc000836.bmp
576,22,dataset\CMATERdbTrain\22\bcc000835.bmp
575,22,dataset\CMATERdbTrain\22\bcc000834.bmp
579,22,dataset\CMATERdbTrain\22\bcc000838.bmp
634,23,dataset\CMATERdbTrain\23\bcc000893.bmp
639,23,dataset\CMATERdbTrain\23\bcc000898.bmp
635,23,dataset\CMATERdbTrain\23\bcc000894.bmp
636,23,dataset\CMATERdbTrain\23\bcc000895.bmp
637,23,dataset\CMATERdbTrain\23\bcc000896.bmp
638,23,dataset\CMATERdbTrain\23\bcc000897.bmp
640,23,dataset\CMATERdbTrain\23\bcc000899.bmp
628,23,dataset\CMATERdbTrain\23\bcc000887.bmp
642,23,dataset\CMATERdbTrain\23\bcc000901.bmp
643,23,dataset\CMATERdbTrain\23\bcc000902.bmp
629,23,dataset\CMATERdbTrain\23\bcc000888.bmp
644,23,dataset\CMATERdbTrain\23\bcc000903.bmp
645,23,dataset\CMATERdbTrain\23\bcc000904.bmp
633,23,dataset\CMATERdbTrain\23\bcc000892.bmp
641,23,dataset\CMATERdbTrain\23\bcc000900.bmp
632,23,dataset\CMATERdbTrain\23\bcc000891.bmp
617,23,dataset\CMATERdbTrain\23\bcc000876.bmp
630,23,dataset\CMATERdbTrain\23\bcc000889.bmp
631,23,dataset\CMATERdbTrain\23\bcc000890.bmp
614,23,dataset\CMATERdbTrain\23\bcc000873.bmp
615,23,dataset\CMATERdbTrain\23\bcc000874.bmp
616,23,dataset\CMATERdbTrain\23\bcc000875.bmp
618,23,dataset\CMATERdbTrain\23\bcc000877.bmp
619,23,dataset\CMATERdbTrain\23\bcc000878.bmp
627,23,dataset\CMATERdbTrain\23\bcc000886.bmp
621,23,dataset\CMATERdbTrain\23\bcc000880.bmp
622,23,dataset\CMATERdbTrain\23\bcc000881.bmp
620,23,dataset\CMATERdbTrain\23\bcc000879.bmp
623,23,dataset\CMATERdbTrain\23\bcc000882.bmp
624,23,dataset\CMATERdbTrain\23\bcc000883.bmp
625,23,dataset\CMATERdbTrain\23\bcc000884.bmp
626,23,dataset\CMATERdbTrain\23\bcc000885.bmp
663,24,dataset\CMATERdbTrain\24\bcc000922.bmp
664,24,dataset\CMATERdbTrain\24\bcc000923.bmp
665,24,dataset\CMATERdbTrain\24\bcc000924.bmp
666,24,dataset\CMATERdbTrain\24\bcc000925.bmp
669,24,dataset\CMATERdbTrain\24\bcc000928.bmp
668,24,dataset\CMATERdbTrain\24\bcc000927.bmp
662,24,dataset\CMATERdbTrain\24\bcc000921.bmp
670,24,dataset\CMATERdbTrain\24\bcc000929.bmp
671,24,dataset\CMATERdbTrain\24\bcc000930.bmp
672,24,dataset\CMATERdbTrain\24\bcc000931.bmp
673,24,dataset\CMATERdbTrain\24\bcc000932.bmp
667,24,dataset\CMATERdbTrain\24\bcc000926.bmp
661,24,dataset\CMATERdbTrain\24\bcc000920.bmp
657,24,dataset\CMATERdbTrain\24\bcc000916.bmp
659,24,dataset\CMATERdbTrain\24\bcc000918.bmp
658,24,dataset\CMATERdbTrain\24\bcc000917.bmp
656,24,dataset\CMATERdbTrain\24\bcc000915.bmp
655,24,dataset\CMATERdbTrain\24\bcc000914.bmp
654,24,dataset\CMATERdbTrain\24\bcc000913.bmp
652,24,dataset\CMATERdbTrain\24\bcc000911.bmp
651,24,dataset\CMATERdbTrain\24\bcc000910.bmp
650,24,dataset\CMATERdbTrain\24\bcc000909.bmp
649,24,dataset\CMATERdbTrain\24\bcc000908.bmp
648,24,dataset\CMATERdbTrain\24\bcc000907.bmp
647,24,dataset\CMATERdbTrain\24\bcc000906.bmp
646,24,dataset\CMATERdbTrain\24\bcc000905.bmp
674,24,dataset\CMATERdbTrain\24\bcc000933.bmp
660,24,dataset\CMATERdbTrain\24\bcc000919.bmp
653,24,dataset\CMATERdbTrain\24\bcc000912.bmp
675,24,dataset\CMATERdbTrain\24\bcc000934.bmp
677,24,dataset\CMATERdbTrain\24\bcc000936.bmp
676,24,dataset\CMATERdbTrain\24\bcc000935.bmp
701,25,dataset\CMATERdbTrain\25\bcc000960.bmp
699,25,dataset\CMATERdbTrain\25\bcc000958.bmp
698,25,dataset\CMATERdbTrain\25\bcc000957.bmp
697,25,dataset\CMATERdbTrain\25\bcc000956.bmp
696,25,dataset\CMATERdbTrain\25\bcc000955.bmp
695,25,dataset\CMATERdbTrain\25\bcc000954.bmp
694,25,dataset\CMATERdbTrain\25\bcc000953.bmp
693,25,dataset\CMATERdbTrain\25\bcc000952.bmp
692,25,dataset\CMATERdbTrain\25\bcc000951.bmp
691,25,dataset\CMATERdbTrain\25\bcc000950.bmp
690,25,dataset\CMATERdbTrain\25\bcc000949.bmp
700,25,dataset\CMATERdbTrain\25\bcc000959.bmp
688,25,dataset\CMATERdbTrain\25\bcc000947.bmp
689,25,dataset\CMATERdbTrain\25\bcc000948.bmp
679,25,dataset\CMATERdbTrain\25\bcc000938.bmp
680,25,dataset\CMATERdbTrain\25\bcc000939.bmp
681,25,dataset\CMATERdbTrain\25\bcc000940.bmp
682,25,dataset\CMATERdbTrain\25\bcc000941.bmp
678,25,dataset\CMATERdbTrain\25\bcc000937.bmp
684,25,dataset\CMATERdbTrain\25\bcc000943.bmp
685,25,dataset\CMATERdbTrain\25\bcc000944.bmp
686,25,dataset\CMATERdbTrain\25\bcc000945.bmp
687,25,dataset\CMATERdbTrain\25\bcc000946.bmp
683,25,dataset\CMATERdbTrain\25\bcc000942.bmp
702,26,dataset\CMATERdbTrain\26\bcc000961.bmp
703,26,dataset\CMATERdbTrain\26\bcc000962.bmp
704,26,dataset\CMATERdbTrain\26\bcc000963.bmp
715,27,dataset\CMATERdbTrain\27\bcc000974.bmp
720,27,dataset\CMATERdbTrain\27\bcc000979.bmp
719,27,dataset\CMATERdbTrain\27\bcc000978.bmp
718,27,dataset\CMATERdbTrain\27\bcc000977.bmp
717,27,dataset\CMATERdbTrain\27\bcc000976.bmp
716,27,dataset\CMATERdbTrain\27\bcc000975.bmp
714,27,dataset\CMATERdbTrain\27\bcc000973.bmp
707,27,dataset\CMATERdbTrain\27\bcc000966.bmp
712,27,dataset\CMATERdbTrain\27\bcc000971.bmp
711,27,dataset\CMATERdbTrain\27\bcc000970.bmp
710,27,dataset\CMATERdbTrain\27\bcc000969.bmp
708,27,dataset\CMATERdbTrain\27\bcc000967.bmp
706,27,dataset\CMATERdbTrain\27\bcc000965.bmp
705,27,dataset\CMATERdbTrain\27\bcc000964.bmp
713,27,dataset\CMATERdbTrain\27\bcc000972.bmp
709,27,dataset\CMATERdbTrain\27\bcc000968.bmp
721,28,dataset\CMATERdbTrain\28\bcc000980.bmp
722,28,dataset\CMATERdbTrain\28\bcc000981.bmp
723,28,dataset\CMATERdbTrain\28\bcc000982.bmp
772,29,dataset\CMATERdbTrain\29\2\bcc001031.bmp
724,29,dataset\CMATERdbTrain\29\1\bcc000983.bmp
750,29,dataset\CMATERdbTrain\29\1\bcc001009.bmp
751,29,dataset\CMATERdbTrain\29\1\bcc001010.bmp
752,29,dataset\CMATERdbTrain\29\1\bcc001011.bmp
753,29,dataset\CMATERdbTrain\29\1\bcc001012.bmp
754,29,dataset\CMATERdbTrain\29\1\bcc001013.bmp
755,29,dataset\CMATERdbTrain\29\1\bcc001014.bmp
756,29,dataset\CMATERdbTrain\29\1\bcc001015.bmp
773,29,dataset\CMATERdbTrain\29\2\bcc001032.bmp
758,29,dataset\CMATERdbTrain\29\1\bcc001017.bmp
759,29,dataset\CMATERdbTrain\29\1\bcc001018.bmp
760,29,dataset\CMATERdbTrain\29\1\bcc001019.bmp
761,29,dataset\CMATERdbTrain\29\1\bcc001020.bmp
762,29,dataset\CMATERdbTrain\29\1\bcc001021.bmp
763,29,dataset\CMATERdbTrain\29\1\bcc001022.bmp
764,29,dataset\CMATERdbTrain\29\1\bcc001023.bmp
765,29,dataset\CMATERdbTrain\29\1\bcc001024.bmp
766,29,dataset\CMATERdbTrain\29\1\bcc001025.bmp
768,29,dataset\CMATERdbTrain\29\1\bcc001027.bmp
769,29,dataset\CMATERdbTrain\29\1\bcc001028.bmp
770,29,dataset\CMATERdbTrain\29\1\bcc001029.bmp
771,29,dataset\CMATERdbTrain\29\2\bcc001030.bmp
749,29,dataset\CMATERdbTrain\29\1\bcc001008.bmp
748,29,dataset\CMATERdbTrain\29\1\bcc001007.bmp
757,29,dataset\CMATERdbTrain\29\1\bcc001016.bmp
746,29,dataset\CMATERdbTrain\29\1\bcc001005.bmp
725,29,dataset\CMATERdbTrain\29\1\bcc000984.bmp
726,29,dataset\CMATERdbTrain\29\1\bcc000985.bmp
727,29,dataset\CMATERdbTrain\29\1\bcc000986.bmp
728,29,dataset\CMATERdbTrain\29\1\bcc000987.bmp
729,29,dataset\CMATERdbTrain\29\1\bcc000988.bmp
730,29,dataset\CMATERdbTrain\29\1\bcc000989.bmp
731,29,dataset\CMATERdbTrain\29\1\bcc000990.bmp
732,29,dataset\CMATERdbTrain\29\1\bcc000991.bmp
733,29,dataset\CMATERdbTrain\29\1\bcc000992.bmp
734,29,dataset\CMATERdbTrain\29\1\bcc000993.bmp
735,29,dataset\CMATERdbTrain\29\1\bcc000994.bmp
736,29,dataset\CMATERdbTrain\29\1\bcc000995.bmp
747,29,dataset\CMATERdbTrain\29\1\bcc001006.bmp
767,29,dataset\CMATERdbTrain\29\1\bcc001026.bmp
745,29,dataset\CMATERdbTrain\29\1\bcc001004.bmp
744,29,dataset\CMATERdbTrain\29\1\bcc001003.bmp
743,29,dataset\CMATERdbTrain\29\1\bcc001002.bmp
742,29,dataset\CMATERdbTrain\29\1\bcc001001.bmp
741,29,dataset\CMATERdbTrain\29\1\bcc001000.bmp
740,29,dataset\CMATERdbTrain\29\1\bcc000999.bmp
739,29,dataset\CMATERdbTrain\29\1\bcc000998.bmp
738,29,dataset\CMATERdbTrain\29\1\bcc000997.bmp
737,29,dataset\CMATERdbTrain\29\1\bcc000996.bmp
846,30,dataset\CMATERdbTrain\30\1\bcc001045.bmp
851,30,dataset\CMATERdbTrain\30\2\bcc001050.bmp
850,30,dataset\CMATERdbTrain\30\2\bcc001049.bmp
847,30,dataset\CMATERdbTrain\30\1\bcc001046.bmp
849,30,dataset\CMATERdbTrain\30\2\bcc001048.bmp
835,30,dataset\CMATERdbTrain\30\1\bcc001034.bmp
836,30,dataset\CMATERdbTrain\30\1\bcc001035.bmp
837,30,dataset\CMATERdbTrain\30\1\bcc001036.bmp
838,30,dataset\CMATERdbTrain\30\1\bcc001037.bmp
839,30,dataset\CMATERdbTrain\30\1\bcc001038.bmp
840,30,dataset\CMATERdbTrain\30\1\bcc001039.bmp
848,30,dataset\CMATERdbTrain\30\2\bcc001047.bmp
842,30,dataset\CMATERdbTrain\30\1\bcc001041.bmp
843,30,dataset\CMATERdbTrain\30\1\bcc001042.bmp
844,30,dataset\CMATERdbTrain\30\1\bcc001043.bmp
845,30,dataset\CMATERdbTrain\30\1\bcc001044.bmp
834,30,dataset\CMATERdbTrain\30\1\bcc001033.bmp
841,30,dataset\CMATERdbTrain\30\1\bcc001040.bmp
875,31,dataset\CMATERdbTrain\31\bcc001074.bmp
866,31,dataset\CMATERdbTrain\31\bcc001065.bmp
874,31,dataset\CMATERdbTrain\31\bcc001073.bmp
873,31,dataset\CMATERdbTrain\31\bcc001072.bmp
872,31,dataset\CMATERdbTrain\31\bcc001071.bmp
871,31,dataset\CMATERdbTrain\31\bcc001070.bmp
870,31,dataset\CMATERdbTrain\31\bcc001069.bmp
869,31,dataset\CMATERdbTrain\31\bcc001068.bmp
868,31,dataset\CMATERdbTrain\31\bcc001067.bmp
865,31,dataset\CMATERdbTrain\31\bcc001064.bmp
864,31,dataset\CMATERdbTrain\31\bcc001063.bmp
863,31,dataset\CMATERdbTrain\31\bcc001062.bmp
862,31,dataset\CMATERdbTrain\31\bcc001061.bmp
867,31,dataset\CMATERdbTrain\31\bcc001066.bmp
860,31,dataset\CMATERdbTrain\31\bcc001059.bmp
859,31,dataset\CMATERdbTrain\31\bcc001058.bmp
858,31,dataset\CMATERdbTrain\31\bcc001057.bmp
857,31,dataset\CMATERdbTrain\31\bcc001056.bmp
856,31,dataset\CMATERdbTrain\31\bcc001055.bmp
855,31,dataset\CMATERdbTrain\31\bcc001054.bmp
854,31,dataset\CMATERdbTrain\31\bcc001053.bmp
853,31,dataset\CMATERdbTrain\31\bcc001052.bmp
852,31,dataset\CMATERdbTrain\31\bcc001051.bmp
861,31,dataset\CMATERdbTrain\31\bcc001060.bmp
876,32,dataset\CMATERdbTrain\32\bcc001075.bmp
877,32,dataset\CMATERdbTrain\32\bcc001076.bmp
883,33,dataset\CMATERdbTrain\33\bcc001082.bmp
882,33,dataset\CMATERdbTrain\33\bcc001081.bmp
881,33,dataset\CMATERdbTrain\33\bcc001080.bmp
887,33,dataset\CMATERdbTrain\33\bcc001086.bmp
879,33,dataset\CMATERdbTrain\33\bcc001078.bmp
878,33,dataset\CMATERdbTrain\33\bcc001077.bmp
884,33,dataset\CMATERdbTrain\33\bcc001083.bmp
880,33,dataset\CMATERdbTrain\33\bcc001079.bmp
885,33,dataset\CMATERdbTrain\33\bcc001084.bmp
886,33,dataset\CMATERdbTrain\33\bcc001085.bmp
889,33,dataset\CMATERdbTrain\33\bcc001088.bmp
888,33,dataset\CMATERdbTrain\33\bcc001087.bmp
890,33,dataset\CMATERdbTrain\33\bcc001089.bmp
897,34,dataset\CMATERdbTrain\34\bcc001096.bmp
901,34,dataset\CMATERdbTrain\34\bcc001100.bmp
900,34,dataset\CMATERdbTrain\34\bcc001099.bmp
899,34,dataset\CMATERdbTrain\34\bcc001098.bmp
898,34,dataset\CMATERdbTrain\34\bcc001097.bmp
896,34,dataset\CMATERdbTrain\34\bcc001095.bmp
895,34,dataset\CMATERdbTrain\34\bcc001094.bmp
894,34,dataset\CMATERdbTrain\34\bcc001093.bmp
893,34,dataset\CMATERdbTrain\34\bcc001092.bmp
892,34,dataset\CMATERdbTrain\34\bcc001091.bmp
891,34,dataset\CMATERdbTrain\34\bcc001090.bmp
902,34,dataset\CMATERdbTrain\34\bcc001101.bmp
905,35,dataset\CMATERdbTrain\35\bcc001104.bmp
904,35,dataset\CMATERdbTrain\35\bcc001103.bmp
922,35,dataset\CMATERdbTrain\35\bcc001121.bmp
906,35,dataset\CMATERdbTrain\35\bcc001105.bmp
903,35,dataset\CMATERdbTrain\35\bcc001102.bmp
908,35,dataset\CMATERdbTrain\35\bcc001107.bmp
907,35,dataset\CMATERdbTrain\35\bcc001106.bmp
919,35,dataset\CMATERdbTrain\35\bcc001118.bmp
923,35,dataset\CMATERdbTrain\35\bcc001122.bmp
920,35,dataset\CMATERdbTrain\35\bcc001119.bmp
909,35,dataset\CMATERdbTrain\35\bcc001108.bmp
918,35,dataset\CMATERdbTrain\35\bcc001117.bmp
917,35,dataset\CMATERdbTrain\35\bcc001116.bmp
916,35,dataset\CMATERdbTrain\35\bcc001115.bmp
921,35,dataset\CMATERdbTrain\35\bcc001120.bmp
914,35,dataset\CMATERdbTrain\35\bcc001113.bmp
913,35,dataset\CMATERdbTrain\35\bcc001112.bmp
912,35,dataset\CMATERdbTrain\35\bcc001111.bmp
911,35,dataset\CMATERdbTrain\35\bcc001110.bmp
910,35,dataset\CMATERdbTrain\35\bcc001109.bmp
915,35,dataset\CMATERdbTrain\35\bcc001114.bmp
936,36,dataset\CMATERdbTrain\36\bcc001135.bmp
937,36,dataset\CMATERdbTrain\36\bcc001136.bmp
938,36,dataset\CMATERdbTrain\36\bcc001137.bmp
939,36,dataset\CMATERdbTrain\36\bcc001138.bmp
940,36,dataset\CMATERdbTrain\36\bcc001139.bmp
941,36,dataset\CMATERdbTrain\36\bcc001140.bmp
942,36,dataset\CMATERdbTrain\36\bcc001141.bmp
935,36,dataset\CMATERdbTrain\36\bcc001134.bmp
934,36,dataset\CMATERdbTrain\36\bcc001133.bmp
933,36,dataset\CMATERdbTrain\36\bcc001132.bmp
931,36,dataset\CMATERdbTrain\36\bcc001130.bmp
926,36,dataset\CMATERdbTrain\36\bcc001125.bmp
927,36,dataset\CMATERdbTrain\36\bcc001126.bmp
928,36,dataset\CMATERdbTrain\36\bcc001127.bmp
925,36,dataset\CMATERdbTrain\36\bcc001124.bmp
930,36,dataset\CMATERdbTrain\36\bcc001129.bmp
924,36,dataset\CMATERdbTrain\36\bcc001123.bmp
932,36,dataset\CMATERdbTrain\36\bcc001131.bmp
929,36,dataset\CMATERdbTrain\36\bcc001128.bmp
943,37,dataset\CMATERdbTrain\37\bcc001142.bmp
944,37,dataset\CMATERdbTrain\37\bcc001143.bmp
945,37,dataset\CMATERdbTrain\37\bcc001144.bmp
946,37,dataset\CMATERdbTrain\37\bcc001145.bmp
952,38,dataset\CMATERdbTrain\38\2\bcc001151.bmp
954,38,dataset\CMATERdbTrain\38\2\bcc001153.bmp
953,38,dataset\CMATERdbTrain\38\2\bcc001152.bmp
951,38,dataset\CMATERdbTrain\38\2\bcc001150.bmp
955,38,dataset\CMATERdbTrain\38\2\bcc001154.bmp
949,38,dataset\CMATERdbTrain\38\1\bcc001148.bmp
948,38,dataset\CMATERdbTrain\38\1\bcc001147.bmp
947,38,dataset\CMATERdbTrain\38\1\bcc001146.bmp
950,38,dataset\CMATERdbTrain\38\2\bcc001149.bmp
956,39,dataset\CMATERdbTrain\39\bcc001155.bmp
957,39,dataset\CMATERdbTrain\39\bcc001156.bmp
958,39,dataset\CMATERdbTrain\39\bcc001157.bmp
1020,40,dataset\CMATERdbTrain\40\1\bcc001159.bmp
1021,40,dataset\CMATERdbTrain\40\2\bcc001160.bmp
1019,40,dataset\CMATERdbTrain\40\1\bcc001158.bmp
1030,41,dataset\CMATERdbTrain\41\bcc001169.bmp
1023,41,dataset\CMATERdbTrain\41\bcc001162.bmp
1024,41,dataset\CMATERdbTrain\41\bcc001163.bmp
1025,41,dataset\CMATERdbTrain\41\bcc001164.bmp
1026,41,dataset\CMATERdbTrain\41\bcc001165.bmp
1027,41,dataset\CMATERdbTrain\41\bcc001166.bmp
1028,41,dataset\CMATERdbTrain\41\bcc001167.bmp
1029,41,dataset\CMATERdbTrain\41\bcc001168.bmp
1034,41,dataset\CMATERdbTrain\41\bcc001173.bmp
1032,41,dataset\CMATERdbTrain\41\bcc001171.bmp
1033,41,dataset\CMATERdbTrain\41\bcc001172.bmp
1022,41,dataset\CMATERdbTrain\41\bcc001161.bmp
1035,41,dataset\CMATERdbTrain\41\bcc001174.bmp
1036,41,dataset\CMATERdbTrain\41\bcc001175.bmp
1037,41,dataset\CMATERdbTrain\41\bcc001176.bmp
1031,41,dataset\CMATERdbTrain\41\bcc001170.bmp
1051,42,dataset\CMATERdbTrain\42\bcc001190.bmp
1052,42,dataset\CMATERdbTrain\42\bcc001191.bmp
1039,42,dataset\CMATERdbTrain\42\bcc001178.bmp
1044,42,dataset\CMATERdbTrain\42\bcc001183.bmp
1055,42,dataset\CMATERdbTrain\42\bcc001194.bmp
1056,42,dataset\CMATERdbTrain\42\bcc001195.bmp
1057,42,dataset\CMATERdbTrain\42\bcc001196.bmp
1058,42,dataset\CMATERdbTrain\42\bcc001197.bmp
1059,42,dataset\CMATERdbTrain\42\bcc001198.bmp
1060,42,dataset\CMATERdbTrain\42\bcc001199.bmp
1061,42,dataset\CMATERdbTrain\42\bcc001200.bmp
1062,42,dataset\CMATERdbTrain\42\bcc001201.bmp
1063,42,dataset\CMATERdbTrain\42\bcc001202.bmp
1064,42,dataset\CMATERdbTrain\42\bcc001203.bmp
1065,42,dataset\CMATERdbTrain\42\bcc001204.bmp
1053,42,dataset\CMATERdbTrain\42\bcc001192.bmp
1054,42,dataset\CMATERdbTrain\42\bcc001193.bmp
1040,42,dataset\CMATERdbTrain\42\bcc001179.bmp
1041,42,dataset\CMATERdbTrain\42\bcc001180.bmp
1042,42,dataset\CMATERdbTrain\42\bcc001181.bmp
1043,42,dataset\CMATERdbTrain\42\bcc001182.bmp
1050,42,dataset\CMATERdbTrain\42\bcc001189.bmp
1049,42,dataset\CMATERdbTrain\42\bcc001188.bmp
1048,42,dataset\CMATERdbTrain\42\bcc001187.bmp
1047,42,dataset\CMATERdbTrain\42\bcc001186.bmp
1046,42,dataset\CMATERdbTrain\42\bcc001185.bmp
1045,42,dataset\CMATERdbTrain\42\bcc001184.bmp
1038,42,dataset\CMATERdbTrain\42\bcc001177.bmp
1066,43,dataset\CMATERdbTrain\43\1\bcc001205.bmp
1073,43,dataset\CMATERdbTrain\43\2\bcc001212.bmp
1068,43,dataset\CMATERdbTrain\43\1\bcc001207.bmp
1069,43,dataset\CMATERdbTrain\43\1\bcc001208.bmp
1070,43,dataset\CMATERdbTrain\43\2\bcc001209.bmp
1071,43,dataset\CMATERdbTrain\43\2\bcc001210.bmp
1072,43,dataset\CMATERdbTrain\43\2\bcc001211.bmp
1074,43,dataset\CMATERdbTrain\43\2\bcc001213.bmp
1075,43,dataset\CMATERdbTrain\43\2\bcc001214.bmp
1076,43,dataset\CMATERdbTrain\43\2\bcc001215.bmp
1077,43,dataset\CMATERdbTrain\43\2\bcc001216.bmp
1067,43,dataset\CMATERdbTrain\43\1\bcc001206.bmp
1080,44,dataset\CMATERdbTrain\44\bcc001219.bmp
1083,44,dataset\CMATERdbTrain\44\bcc001222.bmp
1081,44,dataset\CMATERdbTrain\44\bcc001220.bmp
1078,44,dataset\CMATERdbTrain\44\bcc001217.bmp
1079,44,dataset\CMATERdbTrain\44\bcc001218.bmp
1082,44,dataset\CMATERdbTrain\44\bcc001221.bmp
1084,45,dataset\CMATERdbTrain\45\bcc001223.bmp
1091,45,dataset\CMATERdbTrain\45\bcc001230.bmp
1090,45,dataset\CMATERdbTrain\45\bcc001229.bmp
1089,45,dataset\CMATERdbTrain\45\bcc001228.bmp
1088,45,dataset\CMATERdbTrain\45\bcc001227.bmp
1087,45,dataset\CMATERdbTrain\45\bcc001226.bmp
1086,45,dataset\CMATERdbTrain\45\bcc001225.bmp
1085,45,dataset\CMATERdbTrain\45\bcc001224.bmp
1101,46,dataset\CMATERdbTrain\46\bcc001240.bmp
1100,46,dataset\CMATERdbTrain\46\bcc001239.bmp
1099,46,dataset\CMATERdbTrain\46\bcc001238.bmp
1098,46,dataset\CMATERdbTrain\46\bcc001237.bmp
1104,46,dataset\CMATERdbTrain\46\bcc001243.bmp
1096,46,dataset\CMATERdbTrain\46\bcc001235.bmp
1095,46,dataset\CMATERdbTrain\46\bcc001234.bmp
1102,46,dataset\CMATERdbTrain\46\bcc001241.bmp
1092,46,dataset\CMATERdbTrain\46\bcc001231.bmp
1097,46,dataset\CMATERdbTrain\46\bcc001236.bmp
1103,46,dataset\CMATERdbTrain\46\bcc001242.bmp
1105,46,dataset\CMATERdbTrain\46\bcc001244.bmp
1106,46,dataset\CMATERdbTrain\46\bcc001245.bmp
1093,46,dataset\CMATERdbTrain\46\bcc001232.bmp
1094,46,dataset\CMATERdbTrain\46\bcc001233.bmp
1109,47,dataset\CMATERdbTrain\47\bcc001248.bmp
1123,47,dataset\CMATERdbTrain\47\bcc001262.bmp
1124,47,dataset\CMATERdbTrain\47\bcc001263.bmp
1125,47,dataset\CMATERdbTrain\47\bcc001264.bmp
1120,47,dataset\CMATERdbTrain\47\bcc001259.bmp
1119,47,dataset\CMATERdbTrain\47\bcc001258.bmp
1118,47,dataset\CMATERdbTrain\47\bcc001257.bmp
1108,47,dataset\CMATERdbTrain\47\bcc001247.bmp
1117,47,dataset\CMATERdbTrain\47\bcc001256.bmp
1107,47,dataset\CMATERdbTrain\47\bcc001246.bmp
1114,47,dataset\CMATERdbTrain\47\bcc001253.bmp
1113,47,dataset\CMATERdbTrain\47\bcc001252.bmp
1112,47,dataset\CMATERdbTrain\47\bcc001251.bmp
1111,47,dataset\CMATERdbTrain\47\bcc001250.bmp
1110,47,dataset\CMATERdbTrain\47\bcc001249.bmp
1116,47,dataset\CMATERdbTrain\47\bcc001255.bmp
1115,47,dataset\CMATERdbTrain\47\bcc001254.bmp
1121,47,dataset\CMATERdbTrain\47\bcc001260.bmp
1122,47,dataset\CMATERdbTrain\47\bcc001261.bmp
1141,48,dataset\CMATERdbTrain\48\bcc001280.bmp
1140,48,dataset\CMATERdbTrain\48\bcc001279.bmp
1139,48,dataset\CMATERdbTrain\48\bcc001278.bmp
1138,48,dataset\CMATERdbTrain\48\bcc001277.bmp
1137,48,dataset\CMATERdbTrain\48\bcc001276.bmp
1135,48,dataset\CMATERdbTrain\48\bcc001274.bmp
1134,48,dataset\CMATERdbTrain\48\bcc001273.bmp
1136,48,dataset\CMATERdbTrain\48\bcc001275.bmp
1132,48,dataset\CMATERdbTrain\48\bcc001271.bmp
1131,48,dataset\CMATERdbTrain\48\bcc001270.bmp
1130,48,dataset\CMATERdbTrain\48\bcc001269.bmp
1129,48,dataset\CMATERdbTrain\48\bcc001268.bmp
1128,48,dataset\CMATERdbTrain\48\bcc001267.bmp
1127,48,dataset\CMATERdbTrain\48\bcc001266.bmp
1126,48,dataset\CMATERdbTrain\48\bcc001265.bmp
1133,48,dataset\CMATERdbTrain\48\bcc001272.bmp
1146,49,dataset\CMATERdbTrain\49\bcc001285.bmp
1142,49,dataset\CMATERdbTrain\49\bcc001281.bmp
1143,49,dataset\CMATERdbTrain\49\bcc001282.bmp
1144,49,dataset\CMATERdbTrain\49\bcc001283.bmp
1145,49,dataset\CMATERdbTrain\49\bcc001284.bmp
1147,49,dataset\CMATERdbTrain\49\bcc001286.bmp
1184,51,dataset\CMATERdbTrain\51\bcc001287.bmp
1189,52,dataset\CMATERdbTrain\52\bcc001292.bmp
1188,52,dataset\CMATERdbTrain\52\bcc001291.bmp
1187,52,dataset\CMATERdbTrain\52\bcc001290.bmp
1186,52,dataset\CMATERdbTrain\52\bcc001289.bmp
1185,52,dataset\CMATERdbTrain\52\bcc001288.bmp
1191,52,dataset\CMATERdbTrain\52\bcc001294.bmp
1192,52,dataset\CMATERdbTrain\52\bcc001295.bmp
1190,52,dataset\CMATERdbTrain\52\bcc001293.bmp
1193,52,dataset\CMATERdbTrain\52\bcc001296.bmp
1194,52,dataset\CMATERdbTrain\52\bcc001297.bmp
1195,52,dataset\CMATERdbTrain\52\bcc001298.bmp
1196,53,dataset\CMATERdbTrain\53\bcc001299.bmp
1197,53,dataset\CMATERdbTrain\53\bcc001300.bmp
1198,53,dataset\CMATERdbTrain\53\bcc001301.bmp
1199,53,dataset\CMATERdbTrain\53\bcc001302.bmp
1200,53,dataset\CMATERdbTrain\53\bcc001303.bmp
1201,53,dataset\CMATERdbTrain\53\bcc001304.bmp
1203,53,dataset\CMATERdbTrain\53\bcc001306.bmp
1204,53,dataset\CMATERdbTrain\53\bcc001307.bmp
1205,53,dataset\CMATERdbTrain\53\bcc001308.bmp
1206,53,dataset\CMATERdbTrain\53\bcc001309.bmp
1207,53,dataset\CMATERdbTrain\53\bcc001310.bmp
1202,53,dataset\CMATERdbTrain\53\bcc001305.bmp
1208,53,dataset\CMATERdbTrain\53\bcc001311.bmp
1209,53,dataset\CMATERdbTrain\53\bcc001312.bmp
1210,53,dataset\CMATERdbTrain\53\bcc001313.bmp
1211,53,dataset\CMATERdbTrain\53\bcc001314.bmp
1212,54,dataset\CMATERdbTrain\54\bcc001315.bmp
1217,54,dataset\CMATERdbTrain\54\bcc001320.bmp
1216,54,dataset\CMATERdbTrain\54\bcc001319.bmp
1214,54,dataset\CMATERdbTrain\54\bcc001317.bmp
1213,54,dataset\CMATERdbTrain\54\bcc001316.bmp
1219,54,dataset\CMATERdbTrain\54\bcc001322.bmp
1215,54,dataset\CMATERdbTrain\54\bcc001318.bmp
1218,54,dataset\CMATERdbTrain\54\bcc001321.bmp
1222,55,dataset\CMATERdbTrain\55\bcc001325.bmp
1253,55,dataset\CMATERdbTrain\55\bcc001356.bmp
1257,55,dataset\CMATERdbTrain\55\bcc001360.bmp
1256,55,dataset\CMATERdbTrain\55\bcc001359.bmp
1255,55,dataset\CMATERdbTrain\55\bcc001358.bmp
1254,55,dataset\CMATERdbTrain\55\bcc001357.bmp
1230,55,dataset\CMATERdbTrain\55\bcc001333.bmp
1252,55,dataset\CMATERdbTrain\55\bcc001355.bmp
1251,55,dataset\CMATERdbTrain\55\bcc001354.bmp
1250,55,dataset\CMATERdbTrain\55\bcc001353.bmp
1249,55,dataset\CMATERdbTrain\55\bcc001352.bmp
1248,55,dataset\CMATERdbTrain\55\bcc001351.bmp
1247,55,dataset\CMATERdbTrain\55\bcc001350.bmp
1246,55,dataset\CMATERdbTrain\55\bcc001349.bmp
1245,55,dataset\CMATERdbTrain\55\bcc001348.bmp
1244,55,dataset\CMATERdbTrain\55\bcc001347.bmp
1243,55,dataset\CMATERdbTrain\55\bcc001346.bmp
1242,55,dataset\CMATERdbTrain\55\bcc001345.bmp
1241,55,dataset\CMATERdbTrain\55\bcc001344.bmp
1240,55,dataset\CMATERdbTrain\55\bcc001343.bmp
1239,55,dataset\CMATERdbTrain\55\bcc001342.bmp
1238,55,dataset\CMATERdbTrain\55\bcc001341.bmp
1237,55,dataset\CMATERdbTrain\55\bcc001340.bmp
1236,55,dataset\CMATERdbTrain\55\bcc001339.bmp
1235,55,dataset\CMATERdbTrain\55\bcc001338.bmp
1234,55,dataset\CMATERdbTrain\55\bcc001337.bmp
1233,55,dataset\CMATERdbTrain\55\bcc001336.bmp
1258,55,dataset\CMATERdbTrain\55\bcc001361.bmp
1232,55,dataset\CMATERdbTrain\55\bcc001335.bmp
1259,55,dataset\CMATERdbTrain\55\bcc001362.bmp
1261,55,dataset\CMATERdbTrain\55\bcc001364.bmp
1220,55,dataset\CMATERdbTrain\55\bcc001323.bmp
1221,55,dataset\CMATERdbTrain\55\bcc001324.bmp
1223,55,dataset\CMATERdbTrain\55\bcc001326.bmp
1224,55,dataset\CMATERdbTrain\55\bcc001327.bmp
1225,55,dataset\CMATERdbTrain\55\bcc001328.bmp
1226,55,dataset\CMATERdbTrain\55\bcc001329.bmp
1227,55,dataset\CMATERdbTrain\55\bcc001330.bmp
1228,55,dataset\CMATERdbTrain\55\bcc001331.bmp
1229,55,dataset\CMATERdbTrain\55\bcc001332.bmp
1260,55,dataset\CMATERdbTrain\55\bcc001363.bmp
1231,55,dataset\CMATERdbTrain\55\bcc001334.bmp
1270,55,dataset\CMATERdbTrain\55\bcc001373.bmp
1269,55,dataset\CMATERdbTrain\55\bcc001372.bmp
1268,55,dataset\CMATERdbTrain\55\bcc001371.bmp
1267,55,dataset\CMATERdbTrain\55\bcc001370.bmp
1266,55,dataset\CMATERdbTrain\55\bcc001369.bmp
1265,55,dataset\CMATERdbTrain\55\bcc001368.bmp
1264,55,dataset\CMATERdbTrain\55\bcc001367.bmp
1263,55,dataset\CMATERdbTrain\55\bcc001366.bmp
1262,55,dataset\CMATERdbTrain\55\bcc001365.bmp
1273,56,dataset\CMATERdbTrain\56\bcc001376.bmp
1271,56,dataset\CMATERdbTrain\56\bcc001374.bmp
1272,56,dataset\CMATERdbTrain\56\bcc001375.bmp
1275,58,dataset\CMATERdbTrain\58\bcc001378.bmp
1276,58,dataset\CMATERdbTrain\58\bcc001379.bmp
1277,58,dataset\CMATERdbTrain\58\bcc001380.bmp
1274,58,dataset\CMATERdbTrain\58\bcc001377.bmp
1285,59,dataset\CMATERdbTrain\59\bcc001388.bmp
1278,59,dataset\CMATERdbTrain\59\bcc001381.bmp
1279,59,dataset\CMATERdbTrain\59\bcc001382.bmp
1280,59,dataset\CMATERdbTrain\59\bcc001383.bmp
1281,59,dataset\CMATERdbTrain\59\bcc001384.bmp
1282,59,dataset\CMATERdbTrain\59\bcc001385.bmp
1283,59,dataset\CMATERdbTrain\59\bcc001386.bmp
1284,59,dataset\CMATERdbTrain\59\bcc001387.bmp
1286,59,dataset\CMATERdbTrain\59\bcc001389.bmp
1287,59,dataset\CMATERdbTrain\59\bcc001390.bmp
1312,60,dataset\CMATERdbTrain\60\1\bcc001391.bmp
1313,62,dataset\CMATERdbTrain\62\bcc001392.bmp
1314,63,dataset\CMATERdbTrain\63\1\bcc001393.bmp
1315,63,dataset\CMATERdbTrain\63\1\bcc001394.bmp
1316,63,dataset\CMATERdbTrain\63\1\bcc001395.bmp
1317,63,dataset\CMATERdbTrain\63\1\bcc001396.bmp
1318,63,dataset\CMATERdbTrain\63\1\bcc001397.bmp
1319,63,dataset\CMATERdbTrain\63\2\bcc001398.bmp
1320,63,dataset\CMATERdbTrain\63\2\bcc001399.bmp
1321,63,dataset\CMATERdbTrain\63\2\bcc001400.bmp
1322,63,dataset\CMATERdbTrain\63\2\bcc001401.bmp
1326,64,dataset\CMATERdbTrain\64\bcc001405.bmp
1324,64,dataset\CMATERdbTrain\64\bcc001403.bmp
1325,64,dataset\CMATERdbTrain\64\bcc001404.bmp
1323,64,dataset\CMATERdbTrain\64\bcc001402.bmp
1327,65,dataset\CMATERdbTrain\65\bcc001406.bmp
1328,65,dataset\CMATERdbTrain\65\bcc001407.bmp
1329,66,dataset\CMATERdbTrain\66\bcc001408.bmp
1330,66,dataset\CMATERdbTrain\66\bcc001409.bmp
1331,67,dataset\CMATERdbTrain\67\1\bcc001410.bmp
1332,67,dataset\CMATERdbTrain\67\1\bcc001411.bmp
1333,67,dataset\CMATERdbTrain\67\1\bcc001412.bmp
1334,67,dataset\CMATERdbTrain\67\1\bcc001413.bmp
1337,68,dataset\CMATERdbTrain\68\bcc001416.bmp
1336,68,dataset\CMATERdbTrain\68\bcc001415.bmp
1338,68,dataset\CMATERdbTrain\68\bcc001417.bmp
1335,68,dataset\CMATERdbTrain\68\bcc001414.bmp
1347,69,dataset\CMATERdbTrain\69\bcc001426.bmp
1346,69,dataset\CMATERdbTrain\69\bcc001425.bmp
1345,69,dataset\CMATERdbTrain\69\bcc001424.bmp
1344,69,dataset\CMATERdbTrain\69\bcc001423.bmp
1343,69,dataset\CMATERdbTrain\69\bcc001422.bmp
1342,69,dataset\CMATERdbTrain\69\bcc001421.bmp
1341,69,dataset\CMATERdbTrain\69\bcc001420.bmp
1340,69,dataset\CMATERdbTrain\69\bcc001419.bmp
1339,69,dataset\CMATERdbTrain\69\bcc001418.bmp
1406,70,dataset\CMATERdbTrain\70\bcc001429.bmp
1404,70,dataset\CMATERdbTrain\70\bcc001427.bmp
1405,70,dataset\CMATERdbTrain\70\bcc001428.bmp
1407,70,dataset\CMATERdbTrain\70\bcc001430.bmp
1408,70,dataset\CMATERdbTrain\70\bcc001431.bmp
1409,70,dataset\CMATERdbTrain\70\bcc001432.bmp
1410,70,dataset\CMATERdbTrain\70\bcc001433.bmp
1414,71,dataset\CMATERdbTrain\71\bcc001437.bmp
1413,71,dataset\CMATERdbTrain\71\bcc001436.bmp
1415,71,dataset\CMATERdbTrain\71\bcc001438.bmp
1411,71,dataset\CMATERdbTrain\71\bcc001434.bmp
1412,71,dataset\CMATERdbTrain\71\bcc001435.bmp
1416,72,dataset\CMATERdbTrain\72\bcc001439.bmp
1419,72,dataset\CMATERdbTrain\72\bcc001442.bmp
1417,72,dataset\CMATERdbTrain\72\bcc001440.bmp
1420,72,dataset\CMATERdbTrain\72\bcc001443.bmp
1418,72,dataset\CMATERdbTrain\72\bcc001441.bmp
1421,73,dataset\CMATERdbTrain\73\bcc001444.bmp
1422,73,dataset\CMATERdbTrain\73\bcc001445.bmp
1423,73,dataset\CMATERdbTrain\73\bcc001446.bmp
1424,73,dataset\CMATERdbTrain\73\bcc001447.bmp
1425,73,dataset\CMATERdbTrain\73\bcc001448.bmp
1428,74,dataset\CMATERdbTrain\74\bcc001451.bmp
1426,74,dataset\CMATERdbTrain\74\bcc001449.bmp
1427,74,dataset\CMATERdbTrain\74\bcc001450.bmp
1429,74,dataset\CMATERdbTrain\74\bcc001452.bmp
1430,74,dataset\CMATERdbTrain\74\bcc001453.bmp
1431,74,dataset\CMATERdbTrain\74\bcc001454.bmp
1432,74,dataset\CMATERdbTrain\74\bcc001455.bmp
1433,74,dataset\CMATERdbTrain\74\bcc001456.bmp
1434,74,dataset\CMATERdbTrain\74\bcc001457.bmp
1440,74,dataset\CMATERdbTrain\74\bcc001463.bmp
1436,74,dataset\CMATERdbTrain\74\bcc001459.bmp
1437,74,dataset\CMATERdbTrain\74\bcc001460.bmp
1438,74,dataset\CMATERdbTrain\74\bcc001461.bmp
1439,74,dataset\CMATERdbTrain\74\bcc001462.bmp
1435,74,dataset\CMATERdbTrain\74\bcc001458.bmp
1444,77,dataset\CMATERdbTrain\77\bcc001467.bmp
1445,77,dataset\CMATERdbTrain\77\bcc001468.bmp
1446,77,dataset\CMATERdbTrain\77\bcc001469.bmp
1447,77,dataset\CMATERdbTrain\77\bcc001470.bmp
1443,77,dataset\CMATERdbTrain\77\bcc001466.bmp
1442,77,dataset\CMATERdbTrain\77\bcc001465.bmp
1441,77,dataset\CMATERdbTrain\77\bcc001464.bmp
1448,77,dataset\CMATERdbTrain\77\bcc001471.bmp
1449,78,dataset\CMATERdbTrain\78\bcc001472.bmp
1450,78,dataset\CMATERdbTrain\78\bcc001473.bmp
1472,80,dataset\CMATERdbTrain\80\bcc001474.bmp
1473,81,dataset\CMATERdbTrain\81\bcc001475.bmp
1474,81,dataset\CMATERdbTrain\81\bcc001476.bmp
1475,83,dataset\CMATERdbTrain\83\bcc001477.bmp
1476,83,dataset\CMATERdbTrain\83\bcc001478.bmp
1477,83,dataset\CMATERdbTrain\83\bcc001479.bmp
1478,84,dataset\CMATERdbTrain\84\1\bcc001480.bmp
1479,84,dataset\CMATERdbTrain\84\2\bcc001481.bmp
1480,86,dataset\CMATERdbTrain\86\bcc001482.bmp
1481,86,dataset\CMATERdbTrain\86\bcc001483.bmp
1482,86,dataset\CMATERdbTrain\86\bcc001484.bmp
1483,86,dataset\CMATERdbTrain\86\bcc001485.bmp
1484,87,dataset\CMATERdbTrain\87\bcc001486.bmp
1485,89,dataset\CMATERdbTrain\89\2\bcc001487.bmp
1486,89,dataset\CMATERdbTrain\89\2\bcc001488.bmp
1545,90,dataset\CMATERdbTrain\90\2\bcc001491.bmp
1543,90,dataset\CMATERdbTrain\90\1\bcc001489.bmp
1544,90,dataset\CMATERdbTrain\90\2\bcc001490.bmp
1546,92,dataset\CMATERdbTrain\92\bcc001492.bmp
1547,92,dataset\CMATERdbTrain\92\bcc001493.bmp
1548,92,dataset\CMATERdbTrain\92\bcc001494.bmp
1549,92,dataset\CMATERdbTrain\92\bcc001495.bmp
1550,92,dataset\CMATERdbTrain\92\bcc001496.bmp
1558,95,dataset\CMATERdbTrain\95\bcc001504.bmp
1552,95,dataset\CMATERdbTrain\95\bcc001498.bmp
1553,95,dataset\CMATERdbTrain\95\bcc001499.bmp
1554,95,dataset\CMATERdbTrain\95\bcc001500.bmp
1555,95,dataset\CMATERdbTrain\95\bcc001501.bmp
1556,95,dataset\CMATERdbTrain\95\bcc001502.bmp
1557,95,dataset\CMATERdbTrain\95\bcc001503.bmp
1551,95,dataset\CMATERdbTrain\95\bcc001497.bmp
1559,96,dataset\CMATERdbTrain\96\bcc001505.bmp
1561,96,dataset\CMATERdbTrain\96\bcc001507.bmp
1569,96,dataset\CMATERdbTrain\96\bcc001515.bmp
1560,96,dataset\CMATERdbTrain\96\bcc001506.bmp
1567,96,dataset\CMATERdbTrain\96\bcc001513.bmp
1566,96,dataset\CMATERdbTrain\96\bcc001512.bmp
1568,96,dataset\CMATERdbTrain\96\bcc001514.bmp
1565,96,dataset\CMATERdbTrain\96\bcc001511.bmp
1564,96,dataset\CMATERdbTrain\96\bcc001510.bmp
1563,96,dataset\CMATERdbTrain\96\bcc001509.bmp
1562,96,dataset\CMATERdbTrain\96\bcc001508.bmp
1570,99,dataset\CMATERdbTrain\99\bcc001516.bmp
1571,99,dataset\CMATERdbTrain\99\bcc001517.bmp
1572,99,dataset\CMATERdbTrain\99\bcc001518.bmp
1573,99,dataset\CMATERdbTrain\99\bcc001519.bmp
1574,99,dataset\CMATERdbTrain\99\bcc001520.bmp
1575,99,dataset\CMATERdbTrain\99\bcc001521.bmp
1576,99,dataset\CMATERdbTrain\99\bcc001522.bmp
59,100,dataset\CMATERdbTrain\100\bcc001523.bmp
60,100,dataset\CMATERdbTrain\100\bcc001524.bmp
61,100,dataset\CMATERdbTrain\100\bcc001525.bmp
62,100,dataset\CMATERdbTrain\100\bcc001526.bmp
63,100,dataset\CMATERdbTrain\100\bcc001527.bmp
64,100,dataset\CMATERdbTrain\100\bcc001528.bmp
65,100,dataset\CMATERdbTrain\100\bcc001529.bmp
66,100,dataset\CMATERdbTrain\100\bcc001530.bmp
67,103,dataset\CMATERdbTrain\103\2\bcc001531.bmp
68,103,dataset\CMATERdbTrain\103\2\bcc001532.bmp
128,112,dataset\CMATERdbTrain\112\2\bcc001538.bmp
130,112,dataset\CMATERdbTrain\112\2\bcc001540.bmp
129,112,dataset\CMATERdbTrain\112\2\bcc001539.bmp
127,112,dataset\CMATERdbTrain\112\2\bcc001537.bmp
123,112,dataset\CMATERdbTrain\112\1\bcc001533.bmp
125,112,dataset\CMATERdbTrain\112\1\bcc001535.bmp
124,112,dataset\CMATERdbTrain\112\1\bcc001534.bmp
126,112,dataset\CMATERdbTrain\112\1\bcc001536.bmp
135,113,dataset\CMATERdbTrain\113\bcc001545.bmp
137,113,dataset\CMATERdbTrain\113\bcc001547.bmp
136,113,dataset\CMATERdbTrain\113\bcc001546.bmp
132,113,dataset\CMATERdbTrain\113\bcc001542.bmp
133,113,dataset\CMATERdbTrain\113\bcc001543.bmp
131,113,dataset\CMATERdbTrain\113\bcc001541.bmp
134,113,dataset\CMATERdbTrain\113\bcc001544.bmp
142,116,dataset\CMATERdbTrain\116\bcc001552.bmp
141,116,dataset\CMATERdbTrain\116\bcc001551.bmp
140,116,dataset\CMATERdbTrain\116\bcc001550.bmp
139,116,dataset\CMATERdbTrain\116\bcc001549.bmp
144,116,dataset\CMATERdbTrain\116\bcc001554.bmp
145,116,dataset\CMATERdbTrain\116\bcc001555.bmp
143,116,dataset\CMATERdbTrain\116\bcc001553.bmp
138,116,dataset\CMATERdbTrain\116\bcc001548.bmp
148,119,dataset\CMATERdbTrain\119\bcc001558.bmp
147,119,dataset\CMATERdbTrain\119\bcc001557.bmp
146,119,dataset\CMATERdbTrain\119\bcc001556.bmp
149,119,dataset\CMATERdbTrain\119\bcc001559.bmp
198,123,dataset\CMATERdbTrain\123\bcc001560.bmp
199,125,dataset\CMATERdbTrain\125\bcc001561.bmp
200,125,dataset\CMATERdbTrain\125\bcc001562.bmp
201,125,dataset\CMATERdbTrain\125\bcc001563.bmp
202,125,dataset\CMATERdbTrain\125\bcc001564.bmp
203,125,dataset\CMATERdbTrain\125\bcc001565.bmp
204,125,dataset\CMATERdbTrain\125\bcc001566.bmp
205,126,dataset\CMATERdbTrain\126\bcc001567.bmp
206,126,dataset\CMATERdbTrain\126\bcc001568.bmp
217,139,dataset\CMATERdbTrain\139\bcc001569.bmp
231,147,dataset\CMATERdbTrain\147\bcc001570.bmp
232,149,dataset\CMATERdbTrain\149\bcc001571.bmp
275,156,dataset\CMATERdbTrain\156\bcc001573.bmp
276,156,dataset\CMATERdbTrain\156\bcc001574.bmp
274,156,dataset\CMATERdbTrain\156\bcc001572.bmp
277,158,dataset\CMATERdbTrain\158\bcc001575.bmp
278,159,dataset\CMATERdbTrain\159\bcc001576.bmp
